x_loc,nearfield_sig
3.247733028691191e-14,0.0
0.034651739805472495,0.0
0.06930347961091252,0.0
0.10395521941635254,0.0
0.13860695922179256,0.0
0.17325869902723257,0.0
0.20791043883267257,0.0
0.24256217863811258,0.0
0.2772139184435526,0.0
0.3118656582489926,0.0
0.3465173980544326,0.0
0.3811691378598726,0.0
0.4158208776653126,0.0
0.4504726174707526,0.0
0.48512435727619263,0.0
0.5197760970816326,0.0
0.5544278368870726,0.0
0.5890795766925127,0.0
0.6237313164979527,0.0
0.6583830563033927,0.0
0.6930347961088327,0.0
0.7276865359142727,0.0
0.7623382757197127,0.0
0.7969900155251527,0.0
0.8316417553305927,0.0
0.8662934951360327,0.0
0.9009452349414727,0.0
0.9355969747469127,0.0
0.9702487145523527,0.0
1.0049004543577928,0.0
1.0395521941632329,0.0
1.0742039339686729,0.0
1.1088556737741129,0.0
1.1435074135795529,0.0
1.1781591533849929,0.0
1.212810893190433,0.0
1.247462632995873,0.0
1.282114372801313,0.0
1.316766112606753,0.0
1.351417852412193,0.0
1.386069592217633,0.0
1.420721332023073,0.0
1.455373071828513,0.0
1.490024811633953,0.0
1.524676551439393,0.0
1.559328291244833,0.0
1.593980031050273,0.0
1.628631770855713,0.0
1.663283510661153,0.0
1.697935250466593,0.0
1.732586990272033,0.0
1.767238730077473,0.0
1.801890469882913,0.0
1.836542209688353,0.0
1.871193949493793,0.0
1.905845689299233,0.0
1.940497429104673,0.0
1.975149168910113,0.0
2.0098009087155533,0.0
2.0444526485209935,0.0
2.0791043883264337,0.0
2.113756128131874,0.0
2.148407867937314,0.0
2.1830596077427544,0.0
2.2177113475481947,0.0
2.252363087353635,0.0
2.287014827159075,0.0
2.3216665669645153,0.0
2.3563183067699556,0.0
2.390970046575396,0.0
2.425621786380836,0.0
2.4602735261862763,0.0
2.4949252659917165,0.0
2.5295770057971567,0.0
2.564228745602597,0.0
2.598880485408037,0.0
2.6335322252134774,0.0
2.6681839650189176,0.0
2.702835704824358,0.0
2.737487444629798,0.0
2.7721391844352383,0.0
2.8067909242406786,0.0
2.841442664046119,0.0
2.876094403851559,0.0
2.9107461436569992,0.0
2.9453978834624395,0.0
2.9800496232678797,0.0
3.01470136307332,0.0
3.04935310287876,0.0
3.0840048426842004,0.0
3.1186565824896406,0.0
3.153308322295081,0.0
3.187960062100521,0.0
3.2226118019059613,0.0
3.2572635417114015,0.0
3.2919152815168418,0.0
3.326567021322282,0.0
3.361218761127722,0.0
3.3958705009331625,0.0
3.4305222407386027,0.0
3.465173980544043,0.0
3.499825720349483,0.0
3.5344774601549234,0.0
3.5691291999603636,0.0
3.603780939765804,0.0
3.638432679571244,0.0
3.6730844193766843,0.0
3.7077361591821245,0.0
3.7423878989875647,0.0
3.777039638793005,0.0
3.811691378598445,0.0
3.8463431184038854,0.0
3.8809948582093257,0.0
3.915646598014766,0.0
3.950298337820206,0.0
3.9849500776256463,0.0
4.019601817431086,0.0
4.054253557236526,0.0
4.088905297041967,0.0
4.123557036847407,0.0
4.158208776652847,0.0
4.192860516458287,0.0
4.2275122562637275,0.0
4.262163996069168,0.0
4.296815735874608,0.0
4.331467475680048,0.0
4.366119215485488,0.0
4.400770955290929,0.0
4.435422695096369,0.0
4.470074434901809,0.0
4.504726174707249,0.0
4.53937791451269,0.0
4.57402965431813,0.0
4.60868139412357,0.0
4.64333313392901,0.0
4.6779848737344505,0.0
4.712636613539891,0.0
4.747288353345331,0.0
4.781940093150771,0.0
4.816591832956211,0.0
4.851243572761652,0.0
4.885895312567092,0.0
4.920547052372532,0.0
4.955198792177972,0.0
4.9898505319834126,0.0
5.024502271788853,0.0
5.059154011594293,0.0
5.093805751399733,0.0
5.1284574912051735,0.0
5.163109231010614,0.0
5.197760970816054,0.0
5.232412710621494,0.0
5.267064450426934,0.0
5.301716190232375,0.0
5.336367930037815,0.22991305336676118
5.371019669843255,0.2299131820637395
5.405671409648695,0.22991316001283738
5.4403231494541355,0.22991305194922906
5.474974889259576,0.22991300255215638
5.509626629065016,0.22991297427066812
5.544278368870456,0.22991302818964832
5.5789301086758964,0.22991304305098634
5.613581848481337,0.22991305080828883
5.648233588286777,0.2299130555030665
5.682885328092217,0.22991258952820215
5.717537067897657,0.22991264340713558
5.752188807703098,0.2299126395530514
5.786840547508538,0.22991261572614896
5.821492287313978,0.22991285960344982
5.856144027119418,0.22991280623583893
5.8907957669248585,0.22991277575072064
5.925447506730299,0.22991275409833423
5.960099246535739,0.22991277071930202
5.994750986341179,0.2299127662629029
6.029402726146619,0.22991276787695974
6.06405446595206,0.22991275192199587
6.0987062057575,0.22991246021804204
6.13335794556294,0.22991235668184815
6.16800968536838,0.22991234823671047
6.202661425173821,0.22991263153553682
6.237313164979261,0.22991290836726877
6.271964904784701,0.2299131774836002
6.306616644590141,0.22991346680026956
6.3412683843955815,0.22991366939457542
6.375920124201022,0.22991380747206802
6.410571864006462,0.22991389162328277
6.445223603811902,0.22991375943427383
6.479875343617342,0.22991381932729896
6.514527083422783,0.2299138978702525
6.549178823228223,0.22991382989601497
6.583830563033663,0.22991403762915255
6.618482302839103,0.22991407236143652
6.6531340426445436,0.22991413613767672
6.687785782449984,0.22991453140922014
6.722437522255424,0.22991471695869248
6.757089262060864,0.2299150237791925
6.7917410018663045,0.2299153370523541
6.826392741671745,0.2299157151536645
6.861044481477185,0.22991644837393826
6.895696221282625,0.2299174287753272
6.930347961088065,0.22992059105381887
6.964999700893506,0.22992359971665138
6.999651440698946,0.2299264841000764
7.034303180504386,0.22993419742430343
7.068954920309826,0.22993580030835392
7.1036066601152665,0.2299396170573728
7.138258399920707,0.22994243121730776
7.172910139726147,0.22994504866890897
7.207561879531587,0.22994747435716828
7.2422136193370275,0.22995014549569787
7.276865359142468,0.2299522189326752
7.311517098947908,0.22995514014703186
7.346168838753348,0.23000048949513477
7.380820578558788,0.22999640050730397
7.415472318364229,0.23002113000822358
7.450124058169669,0.23004483568284503
7.484775797975109,0.23005642184158118
7.519427537780549,0.23006521853410059
7.5540792775859895,0.23007473252796007
7.58873101739143,0.23017587356177047
7.62338275719687,0.23015802970329427
7.65803449700231,0.23016383592070794
7.69268623680775,0.23017704657643628
7.727337976613191,0.23021389362476577
7.761989716418631,0.2297835698357689
7.796641456224071,0.22957414949585542
7.831293196029511,0.22947035999084398
7.865944935834952,0.22924174410475415
7.900596675640392,0.22711873015405476
7.935248415445832,0.22653353043261584
7.969900155251272,0.22602035110065477
8.004551895056712,0.22563299150471572
8.039203634862153,0.22513509828056438
8.073855374667593,0.22512511390832896
8.108507114473033,0.2249631968378292
8.143158854278473,0.22419674523898317
8.177810594083914,0.22694481613375334
8.212462333889354,0.22384506679417024
8.247114073694794,0.2166234715240896
8.281765813500234,0.21143545706577765
8.316417553305675,0.20985650797038738
8.351069293111115,0.20788226470813137
8.385721032916555,0.2061144404523227
8.420372772721995,0.1992497574185139
8.455024512527435,0.19776808184889186
8.489676252332876,0.1961050248424966
8.524327992138316,0.19462799625550067
8.558979731943756,0.19396226554081006
8.593631471749196,0.19354398021385544
8.628283211554637,0.1945606011701153
8.662934951360077,0.1946468316369196
8.697586691165517,0.195202093286232
8.732238430970957,0.1999900972496789
8.766890170776398,0.19852531044394944
8.801541910581838,0.19865012780732225
8.836193650387278,0.1988955988437685
8.870845390192718,0.19208995113373753
8.905497129998158,0.19057330985455398
8.940148869803599,0.193133923515443
8.974800609609039,0.1915010093554802
9.00945234941448,0.1899438432693653
9.04410408921992,0.19051206238890478
9.07875582902536,0.1912054270979885
9.1134075688308,0.19140575714912483
9.14805930863624,0.19156290983476165
9.18271104844168,0.19156410865173035
9.21736278824712,0.1729648127919147
9.25201452805256,0.1791916672085377
9.286666267858001,0.18027212728246939
9.321318007663441,0.18017376129914334
9.355969747468881,0.1754380430252602
9.390621487274322,0.17464482078860788
9.425273227079762,0.17162810861834352
9.459924966885202,0.17537864103271955
9.494576706690642,0.17793678772532437
9.529228446496083,0.1796756223024049
9.563880186301523,0.18129962770823307
9.598531926106963,0.18092726028817174
9.633183665912403,0.1828903423207233
9.667835405717843,0.18414587907603355
9.702487145523284,0.18491758341841671
9.737138885328724,0.1857345950350892
9.771790625134164,0.18509891654421004
9.806442364939604,0.18389273402796333
9.841094104745045,0.17916232225981724
9.875745844550485,0.1717852222337156
9.910397584355925,0.16062207210122273
9.945049324161365,0.16629603629461964
9.979701063966806,0.16968656031033444
10.014352803772246,0.17273142636788053
10.049004543577686,0.17527752064046812
10.083656283383126,0.17680902441395505
10.118308023188566,0.17921734203599426
10.152959762994007,0.17621144627651586
10.187611502799447,0.1770836401958549
10.222263242604887,0.1777127562535744
10.256914982410327,0.1779409359912255
10.291566722215768,0.17806276119396786
10.326218462021208,0.17519241876372282
10.360870201826648,0.17556673872372758
10.395521941632088,0.17628888008783575
10.430173681437529,0.17380444075376447
10.464825421242969,0.1684566311157264
10.499477161048409,0.16691841802559756
10.53412890085385,0.16203778641219851
10.56878064065929,0.1588174008056567
10.60343238046473,0.1664960367303949
10.63808412027017,0.16837203803307246
10.67273586007561,0.1698587122606331
10.70738759988105,0.16902298211710337
10.74203933968649,0.17268977447678763
10.77669107949193,0.17367411889582596
10.811342819297371,0.17248326632061922
10.845994559102811,0.08953298027847649
10.880646298908252,0.08999444925357453
10.915298038713692,0.0830986554647874
10.949949778519132,0.08152865557005289
10.984601518324572,0.08161865207384288
11.019253258130012,0.07313340667776362
11.053904997935453,0.06908055272770082
11.088556737740893,0.06396247882283382
11.123208477546333,0.06157237568261826
11.157860217351773,0.04947790430343556
11.192511957157214,0.056387619397538905
11.227163696962654,-0.13521639443404465
11.261815436768094,-0.09709690721903819
11.296467176573534,-0.08934227794462675
11.331118916378975,-0.08603445291527904
11.365770656184415,-0.07700076555516348
11.400422395989855,-0.07531608781016469
11.435074135795295,-0.07243264832479154
11.469725875600735,-0.06725229935742688
11.504377615406176,-0.07113944799789541
11.539029355211616,-0.06575893040040758
11.573681095017056,-0.061071186551149376
11.608332834822496,-0.06138628293611529
11.642984574627937,-0.058966818608477016
11.677636314433377,-0.058853878025190993
11.712288054238817,-0.058051350958128224
11.746939794044257,-0.058918310055995855
11.781591533849697,-0.0505319821212028
11.816243273655138,-0.04680674756054911
11.850895013460578,-0.0473290919978753
11.885546753266018,-0.04740926185635145
11.920198493071458,-0.05285570184527178
11.954850232876899,-0.05941776996312609
11.989501972682339,-0.06162523566742121
12.024153712487779,-0.06279753236322655
12.05880545229322,-0.06451873548629482
12.09345719209866,-0.013938299926265671
12.1281089319041,0.045404713964935596
12.16276067170954,0.08405107553211065
12.19741241151498,0.11401594645497598
12.23206415132042,0.1386871896330353
12.26671589112586,0.18025086228432288
12.301367630931301,0.30910228876022
12.336019370736741,0.09449543504050331
12.370671110542181,0.11096021186299128
12.405322850347622,0.11350906781873209
12.439974590153062,0.12868081623305774
12.474626329958502,0.1301437089644322
12.509278069763942,0.1334085870675049
12.543929809569383,0.14207688706873417
12.578581549374823,0.14339123235093898
12.613233289180263,0.1491954734594243
12.647885028985703,0.15399137412162148
12.682536768791143,0.1589245946567736
12.717188508596584,0.16363698395325926
12.751840248402024,0.1607172826197386
12.786491988207464,0.16217910488616485
12.821143728012904,0.15594255453923345
12.855795467818345,0.15458554483578468
12.890447207623785,0.14869938219484582
12.925098947429225,0.1483809439342194
12.959750687234665,0.15269978689796937
12.994402427040106,0.15480616880028256
13.029054166845546,0.15512940283657564
13.063705906650986,0.15928630776029543
13.098357646456426,0.16302849489757282
13.133009386261866,0.16367057914747593
13.167661126067307,0.1704736571891418
13.202312865872747,0.1687113553500642
13.236964605678187,0.15716042569779232
13.271616345483627,0.16468202566428175
13.306268085289068,0.15916569832610045
13.340919825094508,0.16808807559246264
13.375571564899948,0.16073088801449006
13.410223304705388,0.1635082508141879
13.444875044510828,0.1612568037887993
13.479526784316269,0.159325757313626
13.514178524121709,0.16006995927900994
13.54883026392715,0.15199970062415225
13.58348200373259,0.15373763497749196
13.61813374353803,0.15708727779207718
13.65278548334347,0.14675047971002322
13.68743722314891,0.14536426003994043
13.72208896295435,0.14571188352668443
13.75674070275979,0.14251237462083982
13.79139244256523,0.13981684057977678
13.826044182370671,0.14013726190225376
13.860695922176111,0.1449726160654311
13.895347661981551,0.1465732881903549
13.929999401786992,0.1477191074031569
13.964651141592432,0.15056195824631585
13.999302881397872,0.14648284534987216
14.033954621203312,0.14448272450183372
14.068606361008753,0.1422891112088161
14.103258100814193,0.14087164026664759
14.137909840619633,0.13429065213497798
14.172561580425073,0.1357070676307408
14.207213320230514,0.13391123692023665
14.241865060035954,0.12586534409989916
14.276516799841394,0.11950634060706314
14.311168539646834,0.11599330623129452
14.345820279452274,0.11186308462520461
14.380472019257715,0.10938216031450787
14.415123759063155,0.10637838276599038
14.449775498868595,0.10493041367970984
14.484427238674035,0.104148569828312
14.519078978479476,0.1041845421391746
14.553730718284916,0.10259280926323623
14.588382458090356,0.09859474236125935
14.623034197895796,0.10059659981801254
14.657685937701237,0.09620221642650158
14.692337677506677,0.08970624908318504
14.726989417312117,0.08587662882547847
14.761641157117557,0.08372243699709192
14.796292896922997,0.07352543363368275
14.830944636728438,0.07450832958536982
14.865596376533878,0.06767149853497628
14.900248116339318,0.06792065748634647
14.934899856144758,0.05386442382198911
14.969551595950199,0.05313536386973502
15.004203335755639,0.039156117075208774
15.038855075561079,0.02828075720049963
15.07350681536652,0.011339103355506325
15.10815855517196,0.007268071395699662
15.1428102949774,-0.0124099544035616
15.17746203478284,-0.03597073117673107
15.21211377458828,-0.05596208581197949
15.24676551439372,-0.08341474540053471
15.28141725419916,-0.09567582321620283
15.3160689940046,-0.14019437741298435
15.350720733810041,-0.2758268838115129
15.385372473615481,-0.3036757875736637
15.420024213420922,-0.21501542791200084
15.454675953226362,-0.177026806642402
15.489327693031802,-0.16041900129616102
15.523979432837242,-0.14818172785839834
15.558631172642682,-0.13018962546778381
15.593282912448123,-0.13910839172938644
15.627934652253563,-0.09281745351485028
15.662586392059003,-0.10754543427673897
15.697238131864443,-0.1276721930556619
15.731889871669884,-0.1130433605379827
15.766541611475324,-0.10390218427420675
15.801193351280764,-0.09932029909497564
15.835845091086204,-0.10321761590497311
15.870496830891645,-0.10643239552875988
15.905148570697085,-0.09079939802032636
15.939800310502525,-0.09466731340547137
15.974452050307965,-0.09309490763374491
16.009103790113404,-0.08906484944883412
16.043755529918844,-0.09076979452220356
16.078407269724284,-0.07298476663896697
16.113059009529724,-0.0828432694392182
16.147710749335165,-0.0777612369645659
16.182362489140605,-0.07401947284657125
16.217014228946045,-0.07840106372479258
16.251665968751485,-0.07735882394397528
16.286317708556926,-0.07511764942355405
16.320969448362366,-0.06995174704374392
16.355621188167806,-0.07040457836777834
16.390272927973246,-0.06938886205039364
16.424924667778686,-0.07569457515226989
16.459576407584127,-0.07380794570141627
16.494228147389567,-0.0724202034872274
16.528879887195007,-0.07220956226710813
16.563531627000447,-0.07585822745999365
16.598183366805888,-0.08220484928829562
16.632835106611328,-0.08033665824288218
16.667486846416768,-0.08007866259298228
16.70213858622221,-0.08211423256164116
16.73679032602765,-0.07290777321336352
16.77144206583309,-0.08469153171622172
16.80609380563853,-0.07950057231359393
16.84074554544397,-0.07603504947879368
16.87539728524941,-0.07398030400286294
16.91004902505485,-0.07740974580323372
16.94470076486029,-0.076401598631974
16.97935250466573,-0.0762113847410815
17.01400424447117,-0.07673045855278866
17.04865598427661,-0.09804821139522038
17.08330772408205,-0.11008171647775827
17.11795946388749,-0.011422407880072987
17.15261120369293,-0.022499392987533152
17.18726294349837,-0.048850043420770144
17.22191468330381,-0.07830415211893603
17.256566423109252,-0.08394115772083235
17.291218162914692,-0.08136137973049577
17.325869902720132,-0.05860395511250899
17.360521642525573,-0.07783484331548712
17.395173382331013,-0.0997966395140283
17.429825122136453,-0.12669091508056074
17.464476861941893,-0.12897125083713842
17.499128601747334,0.008613874281140717
17.533780341552774,-0.044221341844575504
17.568432081358214,-0.053477075113790185
17.603083821163654,-0.0555545305047943
17.637735560969094,-0.0597323883828877
17.672387300774535,-0.08210211798854157
17.707039040579975,-0.06322586549110802
17.741690780385415,-0.0552983335772367
17.776342520190855,-0.07571747488614099
17.810994259996296,-0.06886126894301275
17.845645999801736,-0.08754523258848469
17.880297739607176,-0.060646130538989644
17.914949479412616,-0.06574195521337756
17.949601219218057,-0.06863070267629574
17.984252959023497,-0.061888238931183906
18.018904698828937,-0.07576679706149896
18.053556438634377,-0.07046887614361494
18.088208178439817,-0.0601522969192735
18.122859918245258,-0.07527747499089264
18.157511658050698,-0.06966324376709604
18.192163397856138,-0.05469135348284974
18.22681513766158,-0.06730690328136925
18.26146687746702,-0.05852793109807729
18.29611861727246,-0.037044222921365694
18.3307703570779,-0.05040333023602961
18.36542209688334,-0.05414995960870517
18.40007383668878,-0.0625033065208274
18.43472557649422,-0.05599408245186173
18.46937731629966,-0.043304710584851164
18.5040290561051,-0.04680834017988187
18.53868079591054,-0.04994255928529407
18.57333253571598,-0.029707957214630598
18.60798427552142,-0.016639865091340425
18.64263601532686,-0.02105253789634821
18.6772877551323,-0.02624270077210408
18.71193949493774,-0.017585391877324802
18.746591234743182,-0.013065728451014042
18.781242974548622,-0.012454578125998568
18.815894714354062,-0.021745758027822408
18.850546454159502,-0.0191872390605414
18.885198193964943,-0.021313575441876863
18.919849933770383,-0.021814902085581442
18.954501673575823,-0.017079103405743652
18.989153413381263,-0.01701250597433514
19.023805153186704,-0.011256129668730673
19.058456892992144,-0.011976088913513414
19.093108632797584,-0.027928144037560856
19.127760372603024,-0.019229623927336344
19.162412112408465,-0.015365596876361699
19.197063852213905,-0.014638572054123675
19.231715592019345,-0.016767642687907595
19.266367331824785,-0.01317478559444798
19.301019071630225,-0.0015781876283810497
19.335670811435666,0.003035720668107182
19.370322551241106,-0.0021470519488905222
19.404974291046546,-0.008037509926781743
19.439626030851986,-0.020403347772021303
19.474277770657427,-0.020218942709854783
19.508929510462867,-0.019405753396009386
19.543581250268307,-0.012705872576263967
19.578232990073747,-0.013307447463077897
19.612884729879188,-0.021918308423614127
19.647536469684628,-0.01576891644166877
19.682188209490068,-0.009103031688745723
19.716839949295508,-0.010539476954618847
19.75149168910095,-0.018384441749697084
19.78614342890639,-0.0229492770219641
19.82079516871183,-0.018852634285228334
19.85544690851727,-0.011561875316553802
19.89009864832271,-0.018942089188325524
19.92475038812815,-0.01924473795899952
19.95940212793359,-0.03442462928742249
19.99405386773903,-0.023284645553228844
20.02870560754447,-0.02199439336904612
20.06335734734991,-0.01436850736712564
20.09800908715535,-0.027444243597298492
20.13266082696079,-0.020374825603287596
20.16731256676623,-0.03427668991106301
20.20196430657167,-0.034766740100362716
20.23661604637711,-0.037316948438876396
20.271267786182552,-0.039646467641296944
20.305919525987992,-0.03303821880341459
20.340571265793432,-0.03337377177401401
20.375223005598873,-0.03896942499491706
20.409874745404313,-0.04155114442367015
20.444526485209753,-0.04583612312170863
20.479178225015193,-0.03719446415775913
20.513829964820633,-0.037804175636084014
20.548481704626074,-0.0516182107041073
20.583133444431514,-0.04741086758915383
20.617785184236954,-0.06478368359453376
20.652436924042394,-0.061167786753727076
20.687088663847835,-0.04161802442570412
20.721740403653275,-0.0427164856649981
20.756392143458715,-0.05833976922562943
20.791043883264155,-0.06044181524870782
20.825695623069596,-0.05686956287585005
20.860347362875036,-0.03874543723721833
20.894999102680476,-0.042819074896701274
20.929650842485916,-0.075529016982074
20.964302582291356,-0.06288583067717736
20.998954322096797,-0.0444448982451643
21.033606061902237,-0.04941964823761496
21.068257801707677,-0.0576313068328753
21.102909541513117,-0.06790507020021659
21.137561281318558,-0.05719079521606731
21.172213021123998,-0.06056151903227622
21.206864760929438,-0.061835540221498
21.24151650073488,-0.06490161129446108
21.27616824054032,-0.05821822791866478
21.31081998034576,-0.04698381313515954
21.3454717201512,-0.06381351813959099
21.38012345995664,-0.05263992407384216
21.41477519976208,-0.05973567305191387
21.44942693956752,-0.05301397118886307
21.48407867937296,-0.026281730006301064
21.5187304191784,-0.03290108912589906
21.55338215898384,-0.04864824789847091
21.58803389878928,-0.049516767809361165
21.62268563859472,-0.04716561511094922
21.65733737840016,-0.044276523234915065
21.6919891182056,-0.04233094404528493
21.72664085801104,-0.04395515898334135
21.76129259781648,-0.04906296293799631
21.795944337621922,-0.04571284971715695
21.830596077427362,-0.05046629631401034
21.865247817232802,-0.06612057685482947
21.899899557038243,-0.06477764260157075
21.934551296843683,-0.05241146988872524
21.969203036649123,-0.054615869772378894
22.003854776454563,-0.06223389137226367
22.038506516260004,-0.05939189866572363
22.073158256065444,-0.06668670394379562
22.107809995870884,-0.05556431189533351
22.142461735676324,-0.06309336355948361
22.177113475481764,-0.07218066780290244
22.211765215287205,-0.057802276084270375
22.246416955092645,-0.05796507144250709
22.281068694898085,-0.0535615400846546
22.315720434703525,-0.05527811650761677
22.350372174508966,-0.06463844688272374
22.385023914314406,-0.07221785935512806
22.419675654119846,-0.06461507594205902
22.454327393925286,-0.06937135909596019
22.488979133730727,-0.06784177021260324
22.523630873536167,-0.06793225127043051
22.558282613341607,-0.0661624113311522
22.592934353147047,-0.06920597373642721
22.627586092952487,-0.07045485235116049
22.662237832757928,-0.06699649996067276
22.696889572563368,-0.06568978090645718
22.731541312368808,-0.06203966137982096
22.76619305217425,-0.07486279903988166
22.80084479197969,-0.07699907198067939
22.83549653178513,-0.07698230958510832
22.87014827159057,-0.0695435759637763
22.90480001139601,-0.0656350488630525
22.93945175120145,-0.07718717073566037
22.97410349100689,-0.07062653582998793
23.00875523081233,-0.06931062222674574
23.04340697061777,-0.07669414387977366
23.07805871042321,-0.07351890558381928
23.11271045022865,-0.06904896150838508
23.14736219003409,-0.07086757523201759
23.18201392983953,-0.0762090827642871
23.21666566964497,-0.0682577074842276
23.25131740945041,-0.08104271467662533
23.285969149255852,-0.07658882045054556
23.320620889061292,-0.07662028831999056
23.355272628866732,-0.08508779576422316
23.389924368672173,-0.08536523820648736
23.424576108477613,-0.07710377617049663
23.459227848283053,-0.07513608666073149
23.493879588088493,-0.06352054711252729
23.528531327893933,-0.0678529124811772
23.563183067699374,-0.08149776018967529
23.597834807504814,-0.09407675919671715
23.632486547310254,-0.0887770190787252
23.667138287115694,-0.09283161519774025
23.701790026921135,-0.07759487757549946
23.736441766726575,-0.07351172496557266
23.771093506532015,-0.07290991296450099
23.805745246337455,-0.08432037130149725
23.840396986142895,-0.08219415320721812
23.875048725948336,-0.09072216886130666
23.909700465753776,-0.07491542318696771
23.944352205559216,-0.0814874323019408
23.979003945364656,-0.06961284838390945
24.013655685170097,-0.064040789297594
24.048307424975537,-0.07692606841926009
24.082959164780977,-0.09133888759885243
24.117610904586417,-0.09420304750109608
24.152262644391858,-0.09778468276421234
24.186914384197298,-0.08783612656172882
24.221566124002738,-0.08425953797344805
24.25621786380818,-0.08310180810267255
24.29086960361362,-0.08790616210358869
24.32552134341906,-0.08591686308403701
24.3601730832245,-0.08648784177764718
24.39482482302994,-0.07644251454177527
24.42947656283538,-0.09839767034373618
24.46412830264082,-0.08993191036478096
24.49878004244626,-0.08825209455551952
24.5334317822517,-0.09202430747178635
24.56808352205714,-0.095620596096541
24.60273526186258,-0.09626897790646631
24.63738700166802,-0.09812908907100139
24.67203874147346,-0.09383164998417383
24.7066904812789,-0.0909279218589237
24.74134222108434,-0.1040268899970634
24.77599396088978,-0.0999869010628596
24.810645700695222,-0.10354842672609318
24.845297440500662,-0.09984042918535073
24.879949180306102,-0.09572054485657047
24.914600920111543,-0.09756975947905341
24.949252659916983,-0.10125738901929737
24.983904399722423,-0.09996565766890225
25.018556139527863,-0.10038351782999252
25.053207879333304,-0.1013240692271585
25.087859619138744,-0.10349500137654763
25.122511358944184,-0.09957730805882944
25.157163098749624,-0.10550441673002431
25.191814838555064,-0.09185447331327015
25.226466578360505,-0.10351978330578171
25.261118318165945,-0.11108960383904803
25.295770057971385,-0.10318186910445354
25.330421797776825,-0.1061934080880388
25.365073537582266,-0.10739106518546035
25.399725277387706,-0.10898931082262614
25.434377017193146,-0.10227502996869439
25.469028756998586,-0.11034348284592822
25.503680496804026,-0.10749826267249157
25.538332236609467,-0.10418421462234578
25.572983976414907,-0.10293232441237662
25.607635716220347,-0.10741659389155549
25.642287456025787,-0.11846002751797167
25.676939195831228,-0.11181722941143617
25.711590935636668,-0.11683533316879861
25.746242675442108,-0.11421020926056585
25.78089441524755,-0.10802886031956332
25.81554615505299,-0.11685581028640196
25.85019789485843,-0.10969239405418096
25.88484963466387,-0.1130343314856651
25.91950137446931,-0.11443421485368924
25.95415311427475,-0.11771890752213998
25.98880485408019,-0.11524732826034016
26.02345659388563,-0.1149899738392265
26.05810833369107,-0.107388959122981
26.09276007349651,-0.10919757950048559
26.12741181330195,-0.11220055662023294
26.16206355310739,-0.11942324732232111
26.19671529291283,-0.09932989134328482
26.23136703271827,-0.11699424267470998
26.26601877252371,-0.12492362908278494
26.30067051232915,-0.12284033202880926
26.335322252134592,-0.12210174098674359
26.369973991940032,-0.1289958402218634
26.404625731745472,-0.12769363426756028
26.439277471550913,-0.12906872671500821
26.473929211356353,-0.12846622616186082
26.508580951161793,-0.13059887706007883
26.543232690967233,-0.1406188785606204
26.577884430772674,-0.1274050189534884
26.612536170578114,-0.13320034998047403
26.647187910383554,-0.13337659413743935
26.681839650188994,-0.13050235414533276
26.716491389994435,-0.12903805932067738
26.751143129799875,-0.13360582243502825
26.785794869605315,-0.13719011147329202
26.820446609410755,-0.13199994138166385
26.855098349216195,-0.13128848067636167
26.889750089021636,-0.13020671145039556
26.924401828827076,-0.13322938633371856
26.959053568632516,-0.138902017247718
26.993705308437956,-0.14196510412451213
27.028357048243397,-0.13283424298773172
27.063008788048837,-0.13123128789441305
27.097660527854277,-0.12633386926041537
27.132312267659717,-0.11572024924215883
27.166964007465157,-0.12827776188654566
27.201615747270598,-0.12128527698617166
27.236267487076038,-0.1340226288762334
27.270919226881478,-0.13093600254996757
27.30557096668692,-0.1315835687927135
27.34022270649236,-0.12797588807195068
27.3748744462978,-0.12632610484384008
27.40952618610324,-0.13405535221434645
27.44417792590868,-0.13621013019068706
27.47882966571412,-0.13218000052609435
27.51348140551956,-0.12881643950998226
27.548133145325,-0.12239397043119281
27.58278488513044,-0.1225642285546875
27.61743662493588,-0.12331541761971186
27.65208836474132,-0.11492273057368564
27.68674010454676,-0.1221307484912454
27.7213918443522,-0.11830012219929328
27.75604358415764,-0.126824125343339
27.79069532396308,-0.12585588081734356
27.825347063768522,-0.12590921248611125
27.859998803573962,-0.12402412551315362
27.894650543379402,-0.1208591655171401
27.929302283184843,-0.11604493703342937
27.963954022990283,-0.12069563954246754
27.998605762795723,-0.13149728111719636
28.033257502601163,-0.1388731773170531
28.067909242406603,-0.136128261349374
28.102560982212044,-0.1280192150702903
28.137212722017484,-0.13236846068212285
28.171864461822924,-0.13241297085491754
28.206516201628364,-0.1299384796803677
28.241167941433805,-0.1278286547829154
28.275819681239245,-0.12337322748066978
28.310471421044685,-0.12699333957757158
28.345123160850125,-0.12573739112756877
28.379774900655566,-0.13622017554426027
28.414426640461006,-0.13739460922272587
28.449078380266446,-0.14203365776321875
28.483730120071886,-0.13522563375227648
28.518381859877326,-0.14542000006598563
28.553033599682767,-0.14484751255138031
28.587685339488207,-0.1497642888270853
28.622337079293647,-0.1485719035112144
28.656988819099087,-0.14626254234130237
28.691640558904528,-0.1527018154716576
28.726292298709968,-0.15701015390171613
28.760944038515408,-0.1575446276556718
28.79559577832085,-0.16797813316228286
28.83024751812629,-0.16399063415951745
28.86489925793173,-0.15596537291321919
28.89955099773717,-0.16075316532423228
28.93420273754261,-0.15673721771382063
28.96885447734805,-0.16114181278302833
29.00350621715349,-0.15775097449447223
29.03815795695893,-0.1577482756329758
29.07280969676437,-0.15410004703470276
29.10746143656981,-0.1575944566065928
29.14211317637525,-0.1634221444423842
29.17676491618069,-0.16279857800809977
29.21141665598613,-0.16447950817304835
29.24606839579157,-0.16527752463897277
29.28072013559701,-0.15947387762048548
29.31537187540245,-0.15914937916839564
29.350023615207892,-0.16095454421709451
29.384675355013332,-0.16488691969180064
29.419327094818772,-0.1658631289097996
29.453978834624213,-0.16884638836531954
29.488630574429653,-0.1720327708376481
29.523282314235093,-0.17423949633443844
29.557934054040533,-0.17631165505935717
29.592585793845974,-0.1851014521802212
29.627237533651414,-0.18377097981275675
29.661889273456854,-0.1803937141317638
29.696541013262294,-0.1877478412992012
29.731192753067734,-0.18883624046633707
29.765844492873175,-0.19459230387402116
29.800496232678615,-0.1947012555637814
29.835147972484055,-0.1906358517937489
29.869799712289495,-0.18420570982270076
29.904451452094936,-0.18098974223082562
29.939103191900376,-0.19208070592855672
29.973754931705816,-0.18635696089788603
30.008406671511256,-0.18624982898070175
30.043058411316697,-0.1893389066427658
30.077710151122137,-0.19304839302317525
30.112361890927577,-0.1925095461593245
30.147013630733017,-0.19350420878566713
30.181665370538457,-0.18693562629753305
30.216317110343898,-0.18647406884297468
30.250968850149338,-0.17931588030589019
30.285620589954778,-0.1761011455864581
30.32027232976022,-0.16294749334300818
30.35492406956566,-0.16981553840384817
30.3895758093711,-0.18135307338386245
30.42422754917654,-0.1777347209768306
30.45887928898198,-0.17817421539884457
30.49353102878742,-0.18192936652447195
30.52818276859286,-0.1789749737262752
30.5628345083983,-0.1768491807999213
30.59748624820374,-0.17572003042453335
30.63213798800918,-0.1849895203578904
30.66678972781462,-0.18238669538052593
30.70144146762006,-0.18130934811013258
30.7360932074255,-0.18202736575448025
30.77074494723094,-0.17986064579955097
30.80539668703638,-0.17912957335946653
30.840048426841822,-0.17794657046283643
30.874700166647262,-0.18311433960558493
30.909351906452702,-0.18988277760783165
30.944003646258142,-0.18084598188347367
30.978655386063583,-0.18244923776882654
31.013307125869023,-0.1808402993789367
31.047958865674463,-0.1768499696542667
31.082610605479903,-0.17891174810230148
31.117262345285344,-0.17531246801051364
31.151914085090784,-0.17260633094941746
31.186565824896224,-0.17257837970847095
31.221217564701664,-0.17629579063969977
31.255869304507105,-0.17614053067439264
31.290521044312545,-0.17614266520543467
31.325172784117985,-0.17726220625964906
31.359824523923425,-0.18230107102153179
31.394476263728865,-0.18287540502674515
31.429128003534306,-0.18054752529696183
31.463779743339746,-0.18039601521427862
31.498431483145186,-0.16414880326652442
31.533083222950626,-0.16574487141041272
31.567734962756067,-0.16011355848732897
31.602386702561507,-0.1570946290001654
31.637038442366947,-0.1524771551794287
31.671690182172387,-0.15888795233692488
31.706341921977828,-0.16121933259338314
31.740993661783268,-0.1588945199343773
31.775645401588708,-0.15395447491462178
31.810297141394148,-0.153368549784029
31.84494888119959,-0.15186660539249341
31.87960062100503,-0.152275487540077
31.91425236081047,-0.1574039438239137
31.94890410061591,-0.15604912343289162
31.98355584042135,-0.1682030702465296
32.018207580226786,-0.15987126042625435
32.052859320032226,-0.14994878682632526
32.08751105983767,-0.13983320806974994
32.12216279964311,-0.14142607423519285
32.15681453944855,-0.13944347451593464
32.19146627925399,-0.1429999261215188
32.22611801905943,-0.13942174007118374
32.26076975886487,-0.13644608880727352
32.29542149867031,-0.13209343998883735
32.33007323847575,-0.13349575782650594
32.36472497828119,-0.1353587572639461
32.39937671808663,-0.12892159317501142
32.43402845789207,-0.1268030929567417
32.46868019769751,-0.11854304074006897
32.50333193750295,-0.12457224687796907
32.53798367730839,-0.11851965124849992
32.57263541711383,-0.12001454497021816
32.60728715691927,-0.10862564029216577
32.64193889672471,-0.11483192039675277
32.67659063653015,-0.10177293276411023
32.71124237633559,-0.10975009701568111
32.74589411614103,-0.10403971450493962
32.78054585594647,-0.10244047807605904
32.81519759575191,-0.09502457461598433
32.84984933555735,-0.0859056536038153
32.88450107536279,-0.10639223717968758
32.91915281516823,-0.0935394040381744
32.95380455497367,-0.08960441674069418
32.98845629477911,-0.09150435865133182
33.02310803458455,-0.08159536441077507
33.05775977438999,-0.0775051609888161
33.09241151419543,-0.0688716863642019
33.12706325400087,-0.06571125720129659
33.161714993806314,-0.06546456095149224
33.196366733611754,-0.057649834366125925
33.231018473417194,-0.054820669759625816
33.265670213222634,-0.04663683977093842
33.300321953028075,-0.04735162977345221
33.334973692833515,-0.030797103939872564
33.369625432638955,-0.025496732470706458
33.404277172444395,-0.01306981842610338
33.438928912249835,-0.010136015843163837
33.473580652055276,-0.008835019991166657
33.508232391860716,0.00542575603890373
33.542884131666156,0.026437495910540773
33.577535871471596,0.012661930505708237
33.61218761127704,0.007115586241214451
33.64683935108248,0.026879078561775696
33.68149109088792,0.03202822910566659
33.71614283069336,0.025496176526123824
33.7507945704988,0.04276595406066793
33.78544631030424,0.04981762545576643
33.82009805010968,0.04412647096508246
33.85474978991512,0.06245197213834767
33.88940152972056,0.08729862245329205
33.924053269526,0.09150539413174898
33.95870500933144,0.10728250628446488
33.99335674913688,0.10820334948263548
34.02800848894232,0.12029310571204811
34.06266022874776,0.1378272599861141
34.0973119685532,0.14709146471967052
34.13196370835864,0.13802508682679726
34.16661544816408,0.1753636484881203
34.20126718796952,0.1994411989566787
34.23591892777496,0.20450590650715939
34.2705706675804,0.22794036304025056
34.30522240738584,0.21116526155486798
34.33987414719128,0.2686931235298701
34.37452588699672,0.21925721375775598
34.40917762680216,0.17965768437562632
34.4438293666076,0.15319967522526062
34.47848110641304,0.13763585620381105
34.51313284621848,0.1271499934797466
34.54778458602392,0.10996245269318773
34.58243632582936,0.1017433131353078
34.6170880656348,0.09427322187125337
34.65173980544024,0.08927571385472882
34.686391545245684,0.08673618133347977
34.721043285051124,0.06482288720598589
34.755695024856564,0.05919471013569104
34.790346764662004,0.05746153354439048
34.824998504467445,0.05543291318220889
34.859650244272885,0.05304886416829562
34.894301984078325,0.04761888514089386
34.928953723883765,0.04506653657931335
34.963605463689206,0.041618510704458905
34.998257203494646,0.03487706249158612
35.032908943300086,0.03424298261633171
35.067560683105526,0.03645975684961643
35.102212422910966,0.026829128135396712
35.13686416271641,0.02997987854953402
35.17151590252185,0.029909000039663222
35.20616764232729,0.029238880168123392
35.24081938213273,0.029872368264228788
35.27547112193817,0.027612046833760912
35.31012286174361,0.024092398093345513
35.34477460154905,0.022452615289734447
35.37942634135449,0.022949533035744506
35.41407808115993,0.020152105187972644
35.44872982096537,0.0180006192165259
35.48338156077081,0.005389521472156264
35.51803330057625,-0.0009289438030458384
35.55268504038169,0.0002413430029203632
35.58733678018713,-0.001956159731518952
35.62198851999257,-0.004610737816774609
35.65664025979801,-0.006607478790259085
35.69129199960345,-0.008998314810202515
35.72594373940889,-0.008237802244731937
35.76059547921433,-0.010742056410676312
35.79524721901977,-0.01077389797065409
35.82989895882521,-0.011652505767550511
35.86455069863065,-0.011585775448430818
35.89920243843609,-0.014978137426877624
35.93385417824153,-0.01695920512365333
35.96850591804697,-0.015667951454444662
36.00315765785241,-0.01591043394046678
36.03780939765785,-0.01764441608782847
36.07246113746329,-0.01486046345217256
36.10711287726873,-0.014371270750116317
36.14176461707417,-0.009873694332564678
36.17641635687961,-0.015464530046961099
36.211068096685054,-0.01778036301162059
36.245719836490494,-0.01917435954226604
36.280371576295934,-0.020374908292869105
36.315023316101374,-0.024480080941721338
36.349675055906815,-0.023166227200538413
36.384326795712255,-0.023673730347437257
36.418978535517695,-0.021349060538567097
36.453630275323135,-0.021212520569238225
36.488282015128576,-0.022818670042443645
36.522933754934016,-0.019472757712541852
36.557585494739456,-0.018265838666704615
36.592237234544896,-0.019500582946365842
36.62688897435034,-0.0174586984730549
36.66154071415578,-0.014824805733306379
36.69619245396122,-0.013584162231261456
36.73084419376666,-0.012045821764550445
36.7654959335721,-0.009213505224646923
36.80014767337754,-0.006822247135826564
36.83479941318298,-0.006578722923078655
36.86945115298842,-0.0073667109056759885
36.90410289279386,-0.008672967231923205
36.9387546325993,-0.007778158010639726
36.97340637240474,-0.007456572728428865
37.00805811221018,-0.005373626952567639
37.04270985201562,-0.00696639877801038
37.07736159182106,-0.006988736102075605
37.1120133316265,-0.00365596445343997
37.14666507143194,-0.009023752651992838
37.18131681123738,-0.007539125437298009
37.21596855104282,-0.009527729365780389
37.25062029084826,-0.013421019908996978
37.2852720306537,-0.010357410610917403
37.31992377045914,-0.006916562804140701
37.35457551026458,-0.005045719444440723
37.38922725007002,-0.004225998178361532
37.42387898987546,-0.004177540907565071
37.4585307296809,-0.004124405609182515
37.49318246948634,-0.004364796041758032
37.52783420929178,0.0009512948611547138
37.56248594909722,0.005260996099293106
37.59713768890266,0.0050565413655209645
37.6317894287081,0.010255701595071491
37.66644116851354,0.010718055337542082
37.701092908318984,0.0099415912014562
37.735744648124424,0.01163130131042604
37.770396387929864,0.010844686146575975
37.805048127735304,0.01054861759789038
37.839699867540745,0.010250614040277363
37.874351607346185,0.010774464649426309
37.909003347151625,0.010873468653917496
37.943655086957065,0.01864594798593384
37.978306826762505,0.019463193161355304
38.012958566567946,0.01665715437579773
38.047610306373386,0.014162712016893468
38.082262046178826,0.017511567729831493
38.116913785984266,0.025062521075788977
38.15156552578971,0.0245853659223718
38.18621726559515,0.02410310076036603
38.22086900540059,0.024372910650497112
38.25552074520603,0.024635117038908073
38.29017248501147,0.027004867363876535
38.32482422481691,0.026055873159970842
38.35947596462235,0.02721015688260071
38.39412770442779,0.024151625834969947
38.42877944423323,0.028350600328796147
38.46343118403867,0.03726279200173082
38.49808292384411,0.037721439363058905
38.53273466364955,0.0388705348357346
38.56738640345499,0.037839864013345575
38.60203814326043,0.03752021541009902
38.63668988306587,0.03324293174279778
38.67134162287131,0.03539072938897742
38.70599336267675,0.03407934081948545
38.74064510248219,0.03351914427504522
38.77529684228763,0.034969007654757876
38.80994858209307,0.04328843198505599
38.84460032189851,0.04985450980317089
38.87925206170395,0.052702674889947905
38.91390380150939,0.053238225525985915
38.94855554131483,0.05529588838093621
38.98320728112027,0.06732121049528524
39.01785902092571,0.07303377327370363
39.05251076073115,0.07044742283563932
39.08716250053659,0.07182906753769729
39.12181424034203,0.07561662341870554
39.15646598014747,0.07996139998661227
39.19111771995291,0.088691235229753
39.225769459758354,0.09230223632705617
39.260421199563794,0.09520099471364464
39.295072939369234,0.09273204206888783
39.329724679174674,0.09402006665762223
39.364376418980115,0.09522877320861575
39.399028158785555,0.10565621243822985
39.433679898590995,0.10919000917745414
39.468331638396435,0.10485422499331894
39.502983378201876,0.1008825566301165
39.537635118007316,0.0988447805622447
39.572286857812756,0.0967942708555976
39.606938597618196,0.09633343086658712
39.64159033742364,0.09202475696761257
39.67624207722908,0.08688388658755893
39.71089381703452,0.08497711102789864
39.74554555683996,0.07799516411717865
39.7801972966454,0.07736448852026583
39.81484903645084,0.07647388495834113
39.84950077625628,0.06571189951032348
39.88415251606172,0.06147556525954829
39.91880425586716,0.05988168569603472
39.9534559956726,0.058753831083545226
39.98810773547804,0.06138936492863409
40.02275947528348,0.06321532536394237
40.05741121508892,0.06345027811376365
40.09206295489436,0.06327482436172525
40.1267146946998,0.057452741390978466
40.16136643450524,0.05007005159893512
40.19601817431068,0.03743162879309031
40.23066991411612,0.035089053453393464
40.26532165392156,0.035326309716075546
40.299973393727,0.033574524354187445
40.33462513353244,0.025968460398707843
40.36927687333788,0.01748672634725838
40.40392861314332,0.012006746169965722
40.43858035294876,0.008685272280253618
40.4732320927542,-0.020550782887603796
40.50788383255964,-0.041049118359997874
40.54253557236508,-0.059256187965523455
40.57718731217052,-0.06588802463184282
40.61183905197596,-0.09243792818059764
40.6464907917814,-0.09898641503120087
40.68114253158684,-0.1623286636228492
40.715794271392284,-0.16043572266018327
40.750446011197724,-0.15399311877579394
40.785097751003164,-0.1527417942979215
40.819749490808604,-0.1524060621343144
40.854401230614044,-0.14772046442636722
40.889052970419485,-0.15947903166551264
40.923704710224925,-0.15930381580325795
40.958356450030365,-0.1552772739454321
40.993008189835805,-0.16078326795373712
41.027659929641246,-0.1623490977781201
41.062311669446686,-0.16274017268881577
41.096963409252126,-0.1704901293495986
41.131615149057566,-0.17992873483048155
41.16626688886301,-0.1802268152679551
41.20091862866845,-0.18697286269609642
41.23557036847389,-0.18847646151536399
41.27022210827933,-0.18887890612097202
41.30487384808477,-0.18107334767759042
41.33952558789021,-0.17786591266310084
41.37417732769565,-0.17888606354327344
41.40882906750109,-0.17087586740387528
41.44348080730653,-0.1674932988820505
41.47813254711197,-0.16221720256896055
41.51278428691741,-0.1649066135441718
41.54743602672285,-0.16280113551779932
41.58208776652829,-0.16177512614711567
41.61673950633373,-0.1630743994406028
41.65139124613917,-0.18601135139478223
41.68604298594461,-0.19318464205256977
41.72069472575005,-0.1795869991182559
41.75534646555549,-0.1728161676196128
41.78999820536093,-0.16666819377238887
41.82464994516637,-0.16231620824184287
41.85930168497181,-0.16275368816642358
41.89395342477725,-0.16190640499520512
41.92860516458269,-0.16778912167340115
41.96325690438813,-0.16600232056423528
41.99790864419357,-0.15904396196356688
42.03256038399901,-0.16063867747345573
42.06721212380445,-0.1610916345248739
42.10186386360989,-0.1665907484935841
42.13651560341533,-0.18303814956310033
42.17116734322077,-0.18184156087942124
42.20581908302621,-0.17575939137323388
42.240470822831654,-0.17590236661579356
42.275122562637094,-0.1734542716410411
42.309774302442534,-0.1708640020260802
42.344426042247974,-0.1692207027890256
42.379077782053415,-0.17153717926536174
42.413729521858855,-0.16786227626902006
42.448381261664295,-0.16765008604321113
42.483033001469735,-0.1677020934852896
42.517684741275175,-0.17886750148155547
42.552336481080616,-0.1771714065792538
42.586988220886056,-0.17746039112760376
42.621639960691496,-0.17806354982889067
42.656291700496936,-0.17703245892179056
42.69094344030238,-0.1755672001748869
42.72559518010782,-0.1799099537101904
42.76024691991326,-0.16904737830323802
42.7948986597187,-0.15077785950350125
42.82955039952414,-0.1610080465301133
42.86420213932958,-0.15890417210340935
42.89885387913502,-0.15871986882035538
42.93350561894046,-0.15697818183104287
42.9681573587459,-0.1573139688750695
43.00280909855134,-0.15830455869368867
43.03746083835678,-0.1538414160608177
43.07211257816222,-0.14861154414826863
43.10676431796766,-0.1495169219638324
43.1414160577731,-0.15194629032230866
43.17606779757854,-0.16524360353954645
43.21071953738398,-0.16181290071500476
43.24537127718942,-0.15970983949158085
43.28002301699486,-0.16056409784094927
43.3146747568003,-0.16037337843144323
43.34932649660574,-0.1557234334292446
43.38397823641118,-0.15941345371453222
43.41862997621662,-0.17149196218503737
43.45328171602206,-0.1827226043798547
43.4879334558275,-0.17775660007038546
43.52258519563294,-0.17254779389886823
43.55723693543838,-0.17531990338910097
43.59188867524382,-0.1716753990719389
43.62654041504926,-0.1747741887720639
43.6611921548547,-0.17718418187424081
43.69584389466014,-0.18793356640033704
43.73049563446558,-0.17821743439894094
43.765147374271024,-0.17783609139807027
43.799799114076464,-0.17903406969794278
43.834450853881904,-0.17052031461796005
43.869102593687344,-0.1659433416498646
43.903754333492785,-0.1685308982866115
43.938406073298225,-0.167902384153189
43.973057813103665,-0.18665065570724376
44.007709552909105,-0.1818648284262334
44.042361292714546,-0.17094303962768778
44.077013032519986,-0.16687784762653957
44.111664772325426,-0.16606091652915056
44.146316512130866,-0.1633697891674279
44.18096825193631,-0.16275914624523083
44.21561999174175,-0.1586915504103618
44.25027173154719,-0.16404271245842217
44.28492347135263,-0.16538648562697741
44.31957521115807,-0.16727045964782444
44.35422695096351,-0.16875569205587407
44.38887869076895,-0.16202236844650644
44.42353043057439,-0.16019309889322428
44.45818217037983,-0.15710449626208509
44.49283391018527,-0.15537471296088334
44.52748564999071,-0.15466375472188096
44.56213738979615,-0.15926211175235905
44.59678912960159,-0.15989943569136256
44.63144086940703,-0.15889557718492078
44.66609260921247,-0.16178235673600144
44.70074434901791,-0.16006587480211876
44.73539608882335,-0.1592822739518641
44.77004782862879,-0.16047974015330924
44.80469956843423,-0.16255120160139525
44.83935130823967,-0.16529880067082145
44.87400304804511,-0.16852661574527825
44.90865478785055,-0.17045127405929916
44.94330652765599,-0.1577776207194
44.97795826746143,-0.1547800244762687
45.01261000726687,-0.1445375824919212
45.04726174707231,-0.1482193400529903
45.08191348687775,-0.1502776064925737
45.11656522668319,-0.1480159689678928
45.15121696648863,-0.14708379285862905
45.18586870629407,-0.1571070840763707
45.22052044609951,-0.15937301023109332
45.255172185904954,-0.16228698667189895
45.289823925710394,-0.15878557011306052
45.324475665515834,-0.15617390453759405
45.359127405321274,-0.15408154342629826
45.393779145126715,-0.15467280098093092
45.428430884932155,-0.15587843709632565
45.463082624737595,-0.16009416866515158
45.497734364543035,-0.1758283117725516
45.532386104348475,-0.17209246079289753
45.567037844153916,-0.17132789824659775
45.601689583959356,-0.16694271483262116
45.636341323764796,-0.16692179265078116
45.670993063570236,-0.16539922732662696
45.70564480337568,-0.162073934683099
45.74029654318112,-0.16055816923216001
45.77494828298656,-0.16306297116854526
45.809600022792,-0.16326347527163504
45.84425176259744,-0.15850614927024564
45.87890350240288,-0.16256428575266402
45.91355524220832,-0.1605618315619165
45.94820698201376,-0.15921125416338391
45.9828587218192,-0.15670058963810835
46.01751046162464,-0.15515479710258873
46.05216220143008,-0.17368229920557102
46.08681394123552,-0.1621826947589266
46.12146568104096,-0.15627599309186355
46.1561174208464,-0.15284709302312918
46.19076916065184,-0.1549719748960219
46.22542090045728,-0.15346526598419122
46.26007264026272,-0.14772934520841893
46.29472438006816,-0.15037344860378674
46.3293761198736,-0.14977745161058933
46.36402785967904,-0.15178111274417777
46.39867959948448,-0.149796793313828
46.43333133928992,-0.14981208569284624
46.46798307909536,-0.14942095287193866
46.5026348189008,-0.15335724742802406
46.53728655870624,-0.15982512075555397
46.57193829851168,-0.16434464366607282
46.60659003831712,-0.1703251546545025
46.64124177812256,-0.1652946346153689
46.675893517928,-0.16501782045287014
46.71054525773344,-0.1681919229807543
46.74519699753888,-0.16916780262373232
46.779848737344324,-0.16492196661429429
46.814500477149764,-0.16299889268091247
46.849152216955204,-0.1630285174723715
46.883803956760644,-0.16375323175002823
46.918455696566085,-0.15876098352007922
46.953107436371525,-0.15720322193507846
46.987759176176965,-0.15490706484479627
47.022410915982405,-0.15281841341388822
47.057062655787846,-0.15151901743318494
47.091714395593286,-0.15096853841592187
47.126366135398726,-0.15211563303630796
47.161017875204166,-0.1502866243319735
47.195669615009606,-0.16777748271223691
47.23032135481505,-0.16899717812838588
47.26497309462049,-0.16331733736303045
47.29962483442593,-0.16269475776332618
47.33427657423137,-0.16336365078179702
47.36892831403681,-0.1572325026040242
47.40358005384225,-0.15374940403617246
47.43823179364769,-0.1522351134900657
47.47288353345313,-0.1520512279368499
47.50753527325857,-0.15413245343386364
47.54218701306401,0.0457419488219892
47.57683875286945,0.030353587772515882
47.61149049267489,0.005540630499001099
47.64614223248033,0.20113082529572107
47.68079397228577,0.19915447145242218
47.71544571209121,0.21182482222133545
47.75009745189665,0.21065590588084898
47.78474919170209,0.20780560317068678
47.81940093150753,0.20086620722735238
47.85405267131297,0.2306612925937327
47.88870441111841,0.22980730953915673
47.92335615092385,0.21002019594004795
47.95800789072929,0.19892091322252567
47.99265963053473,0.007319535372889429
48.02731137034017,0.011321122265706888
48.06196311014561,0.011976792493890309
48.09661484995105,0.012480102943532634
48.13126658975649,0.009579560641820304
48.16591832956193,0.004534616138261121
48.20057006936737,0.0031542137147801807
48.23522180917281,0.004729629848471246
48.26987354897825,0.013205389760618295
48.304525288783694,0.021105843543861684
48.339177028589134,0.025795759923602682
48.373828768394574,0.021130698074581462
48.408480508200014,0.02193082066385219
48.443132248005455,0.014838242492673931
48.477783987810895,0.011843370483680579
48.512435727616335,0.013476475381175374
48.547087467421775,0.014146414348514004
48.581739207227216,0.01772219245303024
48.616390947032656,0.022728660074648126
48.651042686838096,0.025917837977753364
48.685694426643536,0.02957929744434606
48.72034616644898,0.03164301374568641
48.75499790625442,0.021106310419175663
48.78964964605986,0.0167966419073953
48.8243013858653,0.033378003247061985
48.85895312567074,0.027866884608603343
48.89360486547618,0.020361286380292748
48.92825660528162,0.017121040502686508
48.96290834508706,0.015590519748949531
48.9975600848925,0.015555866937728568
49.03221182469794,0.01536218016614941
49.06686356450338,0.017095030788055226
49.10151530430882,0.01765761940507635
49.13616704411426,0.016757981999472604
49.1708187839197,0.010875536461683695
49.20547052372514,0.006753671543270236
49.24012226353058,0.011331884838463313
49.27477400333602,0.011980816963199373
49.30942574314146,0.009888074145746889
49.3440774829469,0.02574283093969647
49.37872922275234,0.035912300020366654
49.41338096255778,0.02738421795041321
49.44803270236322,0.026145929005224344
49.48268444216866,0.024687347074904626
49.5173361819741,0.021255430602099976
49.55198792177954,0.014453050341148983
49.58663966158498,0.019439687059599926
49.62129140139042,0.018412428239463357
49.65594314119586,0.021907352232195497
49.6905948810013,0.02917594543093061
49.72524662080674,0.037149615040672185
49.75989836061218,0.03957938848854496
49.794550100417624,0.0432894326407302
49.829201840223064,0.046834303470591726
49.863853580028504,0.03962680089543598
49.898505319833944,0.03677243552667882
49.933157059639385,0.03763771247931176
49.967808799444825,0.04023046167113827
50.002460539250265,0.041970530655103075
50.037112279055705,0.04320075381419858
50.071764018861145,0.07076769865141422
50.106415758666586,0.08919385302692835
50.141067498472026,0.13185672112950128
50.175719238277466,0.2566598548569464
50.210370978082906,0.431777144099075
50.24502271788835,0.5413208998895269
50.27967445769379,0.5340747892867339
50.31432619749923,0.4540543535616299
50.34897793730467,0.4204686445373275
50.38362967711011,0.45849349320916893
50.41828141691555,0.43087983101241667
50.45293315672099,0.39523447982824617
50.48758489652643,0.350525963365119
50.52223663633187,0.32730924887027524
50.55688837613731,0.29834331689174726
50.59154011594275,0.2836784125481057
50.62619185574819,0.2579912787366697
50.66084359555363,0.24011496726043283
50.69549533535907,0.22667637762496423
50.73014707516451,0.2114872208214412
50.76479881496995,0.1655325075610399
50.79945055477539,0.07657917210810004
50.83410229458083,0.06484669894410035
50.86875403438627,0.0760576533743828
50.90340577419171,0.08488692303907132
50.93805751399715,0.10571654074581138
50.97270925380259,0.12473715312004117
51.00736099360803,0.14322314094032207
51.04201273341347,0.16071809925901642
51.07666447321891,0.17572671704269902
51.11131621302435,0.18922647645360033
51.14596795282979,0.20290572379429336
51.18061969263523,0.21502733919032568
51.21527143244067,0.22692351523835436
51.24992317224611,0.23985303737434407
51.28457491205155,0.2543924913737993
51.319226651856994,0.26661579470937424
51.353878391662434,0.2623936917838872
51.388530131467874,0.22255588270809595
51.423181871273314,0.20429015553986618
51.457833611078755,0.19204921270927816
51.492485350884195,0.18266395911476746
51.527137090689635,0.17499233625621194
51.561788830495075,0.16847536236912267
51.596440570300516,0.16279395780227715
51.631092310105956,0.15774764853548953
51.665744049911396,0.1532018137725663
51.700395789716836,0.1490614866683578
51.73504752952228,0.1452570649307283
51.76969926932772,0.1417359507260618
51.80435100913316,0.13845738411650155
51.8390027489386,0.13538910612783972
51.87365448874404,0.1325051236305479
51.90830622854948,0.12978416577913382
51.94295796835492,0.12720858978726257
51.97760970816036,0.12476358754759224
52.0122614479658,0.12243659884785964
52.04691318777124,0.12021686976965415
52.08156492757668,0.11809511513221234
52.11621666738212,0.11606325681408786
52.15086840718756,0.11411421835632961
52.185520146993,0.11224176186823039
52.22017188679844,0.1104403571610341
52.25482362660388,0.10870507573812366
52.28947536640932,0.1070315041721926
52.32412710621476,0.10541567271449377
52.3587788460202,0.10385399605325187
52.39343058582564,0.10234322376644776
52.42808232563108,0.10088039865891169
52.46273406543652,0.09946282146905472
52.49738580524196,0.09808802082967517
52.5320375450474,0.09675372756219165
52.56668928485284,0.09545785255125828
52.60134102465828,0.09419846763398376
52.63599276446372,0.09297378900171491
52.67064450426916,0.09178216273217839
52.7052962440746,0.09062205212347273
52.73994798388004,0.08949202657212325
52.77459972368548,0.08839075176265641
52.809251463490924,0.08731698099198106
52.843903203296364,0.08626954746756722
52.878554943101804,0.08524735744682903
52.913206682907244,0.08424938412791512
52.947858422712685,0.08327466215918769
52.982510162518125,0.08232228273111179
53.017161902323565,0.08139138914141208
53.051813642129005,0.08048117280720048
53.086465381934445,0.07959086966238327
53.121117121739886,0.07871975687115836
53.155768861545326,0.07786714987884122
53.190420601350766,0.07703239969091706
53.225072341156206,0.0762148904268261
53.25972408096165,0.0754140370564902
53.29437582076709,0.07462928335679862
53.32902756057253,0.07386010000973428
53.36367930037797,0.07310598288785373
53.39833104018341,0.07236645144763856
53.43298277998885,0.07164104727183868
53.46763451979429,0.07092933271582032
53.50228625959973,0.07023088966185684
53.53693799940517,0.06954531835615081
53.57158973921061,0.06887223635218491
53.60624147901605,0.06821127750454312
53.64089321882149,0.0675620910628703
53.67554495862693,0.06692434080706598
53.71019669843237,0.06629770425723236
53.74484843823781,0.06568187192555908
53.77950017804325,0.06507654663076586
53.81415191784869,0.06448144285369288
53.84880365765413,0.06389628612565955
53.88345539745957,0.06332081247349201
53.91810713726501,0.06275476788542894
53.95275887707045,0.06219790782024636
53.98741061687589,0.06164999673840207
54.02206235668133,0.06111080766789695
54.05671409648677,0.06058012179658162
54.09136583629221,0.060057728085919145
54.12601757609765,0.05954342290603336
54.16066931590309,0.059037009693520354
54.19532105570853,0.058538298638292345
54.22997279551397,0.058047106368795134
54.26462453531941,0.05756325566925128
54.29927627512485,0.0570865752127308
54.333928014930294,0.056616899301926094
54.368579754735734,0.056154067625586584
54.403231494541174,0.055697925032116534
54.437883234346614,0.05524832130903724
54.472534974152055,0.05480511098587678
54.507186713957495,0.054368153125157116
54.541838453762935,0.053937311149500414
54.576490193568375,0.05351245266152734
54.611141933373816,0.05309344927572864
54.645793673179256,0.052680176462247444
54.680445412984696,0.052272513391337844
54.715097152790136,0.05187034279925012
54.749748892595576,0.05147355083870214
54.78440063240102,0.051082026961898785
54.81905237220646,0.05069566378488426
54.8537041120119,0.05031435697956034
54.88835585181734,0.04993800515338038
54.92300759162278,0.04956650974227018
54.95765933142822,0.04919977491672552
54.99231107123366,0.04883770747074634
55.0269628110391,0.04848021673826796
55.06161455084454,0.048127214497181416
55.09626629064998,0.04777861488643759
55.13091803045542,0.04743433432824535
55.16556977026086,0.047094291439415605
55.2002215100663,0.046758406963696486
55.23487324987174,0.046426603701183546
55.26952498967718,0.04609880643320905
55.30417672948262,0.045774941861796446
55.33882846928806,0.04545493854138706
55.3734802090935,0.04513872682191457
55.40813194889894,0.044826238792084055
55.44278368870438,0.04451740821648768
55.47743542850982,0.04421217048562591
55.51208716831526,0.043910462569271544
55.5467389081207,0.0436122229588905
55.58139064792614,0.04331739162291996
55.61604238773158,0.04302590996379419
55.65069412753702,0.04273772076717023
55.68534586734246,0.04245276817033977
55.7199976071479,0.04217099760696716
55.75464934695334,0.04189235578210039
55.78930108675878,0.04161679062508885
55.82395282656422,0.041344251255302854
55.858604566369664,0.04107468794954975
55.893256306175104,0.04080805210483466
55.927908045980544,0.04054429620755853
55.962559785785984,0.04028337380597844
55.997211525591425,0.040025239466923386
56.031863265396865,0.03976984876426371
56.066515005202305,0.03951715823579406
56.101166745007745,0.03926712536553271
56.135818484813186,0.03901970855183851
56.170470224618626,0.03877486708510815
56.205121964424066,0.038532561122363654
56.239773704229506,0.03829275166191965
56.27442544403495,0.03805540052284608
56.30907718384039,0.03782047032133928
56.34372892364583,0.03758792445188267
56.37838066345127,0.03735772706214965
56.41303240325671,0.037129843035859166
56.44768414306215,0.03690423797567634
56.48233588286759,0.03668087817511223
56.51698762267303,0.036459730614159136
56.55163936247847,0.03624076293127527
56.58629110228391,0.036023943409636675
56.62094284208935,0.03580924096026499
56.65559458189479,0.035596625108351446
56.69024632170023,0.0353860659733093
56.72489806150567,0.03517753425832923
56.75954980131111,0.03497100123523316
56.79420154111655,0.03476643872464106
56.82885328092199,0.03456381909192596
56.86350502072743,0.03436311522586831
56.89815676053287,0.03416430052836951
56.93280850033831,0.03396734890419578
56.96746024014375,0.03377223474759557
57.00211197994919,0.03357893292737651
57.03676371975463,0.033387418779875506
57.07141545956007,0.03319766809880449
57.10606719936551,0.033009657117254225
57.14071893917095,0.03282336250545946
57.17537067897639,0.03263876135599276
57.21002241878183,0.03245583117685182
57.24467415858727,0.03227454987669796
57.27932589839271,0.032094895764277306
57.31397763819815,0.03191684752897738
57.348629378003594,0.031740384240286613
57.383281117809034,0.031565485337826896
57.417932857614474,0.0313921306182618
57.452584597419914,0.031220300233228478
57.487236337225355,0.031049974676281452
57.521888077030795,0.030881134780851107
57.556539816836235,0.030713761705648168
57.591191556641675,0.030547836938936663
57.625843296447115,0.030383342274541213
57.660495036252556,0.030220259822431466
57.695146776057996,0.030058571991036162
57.729798515863436,0.029898261483720035
57.764450255668876,0.029739311295257195
57.79910199547432,0.02958170469890839
57.83375373527976,0.029425425249199465
57.8684054750852,0.029270456769017704
57.90305721489064,0.02911678334770914
57.93770895469608,0.02896438933289927
57.97236069450152,0.02881325932704052
58.00701243430696,0.0286633781839621
58.0416641741124,0.028514730997593156
58.07631591391784,0.02836730310323474
58.11096765372328,0.028221080071004746
58.14561939352872,0.028076047699287447
58.18027113333416,0.027932192008199106
58.2149228731396,0.027789499245588534
58.24957461294504,0.02764795586641381
58.28422635275048,0.027507548543460304
58.31887809255592,0.02736826415300104
58.35352983236136,0.027230089776125517
58.3881815721668,0.02709301269381332
58.42283331197224,0.026957020382013933
58.45748505177768,0.02682210050516324
58.49213679158312,0.026688240920674993
58.52678853138856,0.02655542966620414
58.561440271194,0.026423654961017538
58.59609201099944,0.026292905202667655
58.63074375080488,0.026163168960539974
58.66539549061032,0.026034434974106777
58.70004723041576,0.0259066921543116
58.7346989702212,0.025779929572437556
58.76935071002664,0.0256541364599429
58.80400244983208,0.025529302209855373
58.83865418963752,0.025405416367226485
58.873305929442964,0.0252824686305354
58.907957669248404,0.025160448849975495
58.942609409053844,0.02503934701635477
58.977261148859284,0.024919153270333543
59.011912888664725,0.02479985789133554
59.046564628470165,0.02468145129741213
59.081216368275605,0.024563924045103946
59.115868108081045,0.024447266819933106
59.150519847886486,0.024331470444089426
59.185171587691926,0.024216525866923935
59.219823327497366,0.02410242416326915
59.254475067302806,0.023989156533317617
59.28912680710825,0.023876714300941765
59.32377854691369,0.023765088907334447
59.35843028671913,0.02365427191558225
59.39308202652457,0.023544255001183446
59.42773376633001,0.023435029955072552
59.46238550613545,0.02332658868194829
59.49703724594089,0.023218923193932345
59.53168898574633,0.02311202561046831
59.56634072555177,0.023005888162910448
59.60099246535721,0.02290050317881812
59.63564420516265,0.022795863097476558
59.67029594496809,0.022691960452633483
59.70494768477353,0.02258878788022232
59.73959942457897,0.0224863381120298
59.77425116438441,0.022384603978733538
59.80890290418985,0.022283578403580778
59.84355464399529,0.02218325440075132
59.87820638380073,0.02208362507839625
59.91285812360617,0.021984683635443494
59.94750986341161,0.021886423356843182
59.98216160321705,0.021788837613501286
60.01681334302249,0.021691919865318376
60.05146508282793,0.021595663653330592
60.08611682263337,0.021500062602758673
60.12076856243881,0.021405110418264327
60.15542030224425,0.021310800888560827
60.19007204204969,0.021217127876999937
60.22472378185513,0.02112408532618309
60.25937552166057,0.021031667254787167
60.29402726146601,0.02093986775750246
60.32867900127145,0.02084868100030062
60.363330741076894,0.020758101226611477
60.397982480882334,0.020668122744802234
60.432634220687774,0.02057873994058796
60.467285960493214,0.020489947262958007
60.501937700298654,0.02040173923502721
60.536589440104095,0.020314110441524917
60.571241179909535,0.020227055538090954
60.605892919714975,0.02014056924188149
60.640544659520415,0.020054646336194238
60.675196399325856,0.01996928166886479
60.709848139131296,0.019884470144436523
60.744499878936736,0.019800206736568626
60.779151618742176,0.019716486473985224
60.81380335854762,0.019633304443542172
60.84845509835306,0.01955065579641646
60.8831068381585,0.019468535737163208
60.91775857796394,0.019386939528350987
60.95241031776938,0.019305862487406983
60.98706205757482,0.019225299989691153
61.02171379738026,0.019145247462233804
61.0563655371857,0.019065700385257574
61.09101727699114,0.018986654293693915
61.12566901679658,0.018908104774037912
61.16032075660202,0.018830047462756058
61.19497249640746,0.018752478049366056
61.2296242362129,0.018675392268626526
61.26427597601834,0.018598785908277467
61.29892771582378,0.01852265480434506
61.33357945562922,0.01844699483644719
61.36823119543466,0.018371801935533328
61.4028829352401,0.018297072077638723
61.43753467504554,0.018222801282297363
61.47218641485098,0.01814898561717847
61.50683815465642,0.01807562119184098
61.54148989446186,0.018002704159257126
61.5761416342673,0.01793023071734423
61.61079337407274,0.01785819710426967
61.64544511387818,0.017786599604646486
61.68009685368362,0.01771543453862668
61.71474859348906,0.017644698269645268
61.7494003332945,0.017574387201289714
61.78405207309994,0.017504497777275783
61.81870381290538,0.017435026478313374
61.85335555271082,0.017365969826749077
61.888007292516264,0.01729732438187864
61.922659032321704,0.017229086736818864
61.957310772127144,0.01716125352470122
61.991962511932584,0.017093821418646092
62.026614251738025,0.017026787119320638
62.061265991543465,0.016960147370447164
62.095917731348905,0.016893898947909835
62.130569471154345,0.01682803865973864
62.165221210959785,0.016762563352299364
62.199872950765226,0.016697469902508328
62.234524690570666,0.016632755222475377
62.269176430376106,0.01656841625637753
62.303828170181546,0.016504449977338076
62.33847990998699,0.016440853396722712
62.37313164979243,0.016377623550148657
62.40778338959787,0.01631475751299346
62.44243512940331,0.01625225238174898
62.47708686920875,0.01619010528952962
62.51173860901419,0.0161283133967399
62.54639034881963,0.016066873894164994
62.58104208862507,0.016005784001404056
62.61569382843051,0.01594504096684999
62.65034556823595,0.015884642066131025
62.68499730804139,0.015824584603638052
62.71964904784683,0.015764865910966496
62.75430078765227,0.01570548334844827
62.78895252745771,0.015646434302039575
62.82360426726315,0.01558771618485242
62.85825600706859,0.015529326432493551
62.89290774687403,0.015471262512356374
62.92755948667947,0.015413521915847682
62.96221122648491,0.01535610215528067
62.99686296629035,0.015299000771612914
63.03151470609579,0.015242215331330557
63.06616644590123,0.015185743423338142
63.10081818570667,0.015129582660495189
63.13546992551211,0.015073730678057345
63.17012166531755,0.015018185138310276
63.20477340512299,0.014962943724362755
63.23942514492843,0.0149080041432314
63.27407688473387,0.01485336412118307
63.30872862453931,0.014799021409922971
63.34338036434475,0.014744973783484626
63.37803210415019,0.014691219036665386
63.412683843955634,0.014637754985023982
63.447335583761074,0.014584579466413625
63.481987323566514,0.014531690337875741
63.516639063371954,0.014479085480279203
63.551290803177395,0.014426762790561813
63.585942542982835,0.014374720191019185
63.620594282788275,0.014322955619996199
63.655246022593715,0.014271467036531439
63.689897762399156,0.014220252418793001
63.724549502204596,0.01416930976717305
63.759201242010036,0.014118637096530167
63.793852981815476,0.014068232443926324
63.82850472162092,0.01401809386242794
63.86315646142636,0.01396821942573441
63.8978082012318,0.013918607223534534
63.93245994103724,0.013869255367685079
63.96711168084268,0.013820161981367976
64.00176342064812,0.013771325209919088
64.03641516045356,0.013722743216177717
64.071066900259,0.013674414175830582
64.10571864006444,0.013626336285151546
64.14037037986988,0.013578507757894046
64.17502211967532,0.013530926820637543
64.20967385948076,0.013483591717432103
64.2443255992862,0.0134365007128798
64.27897733909164,0.013389652081296395
64.31362907889708,0.013343044115992103
64.34828081870252,0.013296675124621243
64.38293255850796,0.013250543433817407
64.4175842983134,0.013204647378354138
64.45223603811884,0.013158985315070714
64.48688777792428,0.013113555613574891
64.52153951772972,0.013068356656241606
64.55619125753516,0.013023386839751426
64.5908429973406,0.012978644579730943
64.62549473714604,0.01293412830300351
64.66014647695148,0.012889836449137543
64.69479821675692,0.012845767471987126
64.72944995656236,0.01280191984277618
64.7641016963678,0.012758292043910784
64.79875343617324,0.012714882568968761
64.83340517597868,0.012671689928886924
64.86805691578412,0.01262871264576602
64.90270865558956,0.012585949254409494
64.937360395395,0.012543398302325929
64.97201213520044,0.012501058352810023
65.00666387500588,0.012458927977210824
65.04131561481132,0.01241700576110869
65.07596735461676,0.01237529030585708
65.1106190944222,0.012333780219305533
65.14527083422765,0.01229247412661124
65.17992257403309,0.012251370659414751
65.21457431383853,0.012210468466662095
65.24922605364397,0.012169766205317937
65.2838777934494,0.012129262545001337
65.31852953325485,0.01208895616643804
65.35318127306029,0.01204884576300023
65.38783301286573,0.012008930037609666
65.42248475267117,0.011969207704281922
65.45713649247661,0.011929677491212265
65.49178823228205,0.011890338131498063
65.52643997208749,0.011851188373954692
65.56109171189293,0.011812226976928452
65.59574345169837,0.011773452708296845
65.63039519150381,0.011734864347002423
65.66504693130925,0.011696460681510699
65.69969867111469,0.011658240509805242
65.73435041092013,0.01162020264401808
65.76900215072557,0.011582345901155873
65.80365389053101,0.011544669110824295
65.83830563033645,0.01150717111212871
65.87295737014189,0.011469850752134263
65.90760910994733,0.01143270689049095
65.94226084975277,0.01139573839479785
65.97691258955821,0.011358944142143753
66.01156432936365,0.0113223230160168
66.04621606916909,0.011285873915568918
66.08086780897453,0.011249595741708822
66.11551954877997,0.01121348740945885
66.15017128858541,0.011177547841770323
66.18482302839085,0.011141775967979597
66.21947476819629,0.01110617072998286
66.25412650800173,0.01107073107296157
66.28877824780717,0.011035455957743771
66.32342998761261,0.011000344346892895
66.35808172741805,0.01096539521552194
66.3927334672235,0.010930607545109853
66.42738520702893,0.010895980326591172
66.46203694683437,0.010861512557260304
66.49668868663981,0.010827203245405275
66.53134042644525,0.010793051404126558
66.5659921662507,0.010759056055967348
66.60064390605613,0.010725216229824934
66.63529564586158,0.010691530965576622
66.66994738566702,0.010657999307905808
66.70459912547246,0.010624620310928637
66.7392508652779,0.01059139303201384
66.77390260508334,0.010558316542595335
66.80855434488878,0.010525389915810326
66.84320608469422,0.010492612235766932
66.87785782449966,0.01045998259136071
66.9125095643051,0.010427500079366752
66.94716130411054,0.010395163804431303
66.98181304391598,0.010362972879075656
67.01646478372142,0.010330926417511245
67.05111652352686,0.01029902354799704
67.0857682633323,0.010267263402025373
67.12042000313774,0.010235645115862427
67.15507174294318,0.010204167836726641
67.18972348274862,0.010172830715064902
67.22437522255406,0.010141632909181658
67.2590269623595,0.010110573583693081
67.29367870216494,0.010079651911072178
67.32833044197038,0.010048867067011153
67.36298218177582,0.010018218238143042
67.39763392158126,0.009987704611228705
67.4322856613867,0.0099573253839668
67.46693740119214,0.009927079760355275
67.50158914099758,0.009896966946064862
67.53624088080302,0.009866986157691516
67.57089262060846,0.009837136613502093
67.6055443604139,0.009807417541143707
67.64019610021934,0.009777828174556545
67.67484784002478,0.009748367747801818
67.70949957983022,0.009719035507403545
67.74415131963566,0.009689830703089618
67.7788030594411,0.009660752587785862
67.81345479924654,0.009631800422252675
67.84810653905198,0.009602973473530368
67.88275827885742,0.009574271014945535
67.91741001866286,0.009545692319933784
67.9520617584683,0.009517236672839468
67.98671349827374,0.009488903361200392
68.02136523807918,0.009460691677289749
68.05601697788462,0.00943260092119838
68.09066871769006,0.009404630394665622
68.1253204574955,0.009376779405701183
68.15997219730095,0.009349047270131985
68.19462393710639,0.009321433303886316
68.22927567691183,0.00929393683224394
68.26392741671727,0.009266557185213213
68.2985791565227,0.009239293692896187
68.33323089632815,0.009212145696292227
68.36788263613359,0.009185112538035885
68.40253437593903,0.009158193565480189
68.43718611574447,0.00913138813224434
68.47183785554991,0.009104695593577811
68.50648959535535,0.009078115315620892
68.54114133516079,0.009051646659972375
68.57579307496623,0.009025289002200806
68.61044481477167,0.008999041714879799
68.64509655457711,0.008972904181462349
68.67974829438255,0.008946875782403049
68.71440003418799,0.008920955910579977
68.74905177399343,0.008895143957409096
68.78370351379887,0.00886943932210132
68.81835525360431,0.008843841403950552
68.85300699340975,0.008818349613122861
68.88765873321519,0.008792963356780701
68.92231047302063,0.0087676820514182
68.95696221282607,0.008742505115149785
68.99161395263151,0.00871743197233206
69.02626569243695,0.008692462048942499
69.06091743224239,0.00866759477411604
69.09556917204783,0.008642829586314224
69.13022091185327,0.008618165922529541
69.16487265165871,0.008593603227535987
69.19952439146415,0.008569140946180573
69.23417613126959,0.00854477852954844
69.26882787107503,0.008520515431878135
