x_new,nearfield_sig
-0.605658702846433,0.0
-0.571006963040993,0.0
-0.536355223235553,0.0
-0.501703483430113,0.0
-0.46705174362467294,0.0
-0.43240000381923294,0.0
-0.39774826401379293,0.0
-0.3630965242083529,0.0
-0.3284447844029129,0.0
-0.2937930445974729,0.0
-0.2591413047920329,0.0
-0.2244895649865929,0.0
-0.18983782518115289,0.0
-0.15518608537571288,0.0
-0.12053434557027287,0.0
-0.08588260576483286,0.0
-0.05123086595939286,0.0
-0.01657912615395285,0.0
0.018072613651487157,0.0
0.052724353456927164,0.0
0.08737609326236717,0.0
0.12202783306780718,0.0
0.15667957287324719,0.0
0.1913313126786872,0.0
0.2259830524841272,0.0
0.2606347922895672,0.0
0.2952865320950072,0.0
0.3299382719004472,0.0
0.36459001170588723,0.0
0.39924175151132735,0.0
0.43389349131676735,0.0
0.46854523112220736,0.0
0.5031969709276474,0.0
0.5378487107330874,0.0
0.5725004505385274,0.0
0.6071521903439674,0.0
0.6418039301494074,0.0
0.6764556699548474,0.0
0.7111074097602874,0.0
0.7457591495657274,0.0
0.7804108893711674,0.0
0.8150626291766074,0.0
0.8497143689820474,0.0
0.8843661087874874,0.0
0.9190178485929275,0.0
0.9536695883983675,0.0
0.9883213282038075,0.0
1.0229730680092475,0.0
1.0576248078146875,0.0
1.0922765476201275,0.0
1.1269282874255675,0.0
1.1615800272310075,0.0
1.1962317670364475,0.0
1.2308835068418875,0.0
1.2655352466473275,0.0
1.3001869864527675,0.0
1.3348387262582075,0.0
1.3694904660636475,0.0
1.4041422058690878,0.0
1.438793945674528,0.0
1.4734456854799682,0.0
1.5080974252854085,0.0
1.5427491650908487,0.0
1.577400904896289,0.0
1.6120526447017292,0.0
1.6467043845071694,0.0
1.6813561243126096,0.0
1.7160078641180498,0.0
1.75065960392349,0.0
1.7853113437289303,0.0
1.8199630835343705,0.0
1.8546148233398108,0.0
1.889266563145251,0.0
1.9239183029506912,0.0
1.9585700427561314,0.0
1.9932217825615717,0.0
2.027873522367012,0.0
2.062525262172452,0.0
2.0971770019778924,0.0
2.1318287417833326,0.0
2.166480481588773,0.0
2.201132221394213,0.0
2.2357839611996533,0.0
2.2704357010050935,0.0
2.3050874408105337,0.0
2.339739180615974,0.0
2.374390920421414,0.0
2.4090426602268544,0.0
2.4436944000322947,0.0
2.478346139837735,0.0
2.512997879643175,0.0
2.5476496194486153,0.0
2.5823013592540556,0.0
2.616953099059496,0.0
2.651604838864936,0.0
2.6862565786703763,0.0
2.7209083184758165,0.0
2.7555600582812567,0.0
2.790211798086697,0.0
2.824863537892137,0.0
2.8595152776975774,0.0
2.8941670175030176,0.0
2.928818757308458,0.0
2.963470497113898,0.0
2.9981222369193383,0.0
3.0327739767247786,0.0
3.067425716530219,0.0
3.102077456335659,0.0
3.1367291961410992,0.0
3.1713809359465395,0.0
3.2060326757519797,0.0
3.24068441555742,0.0
3.27533615536286,0.0
3.3099878951683004,0.0
3.3446396349737406,0.0
3.379291374779181,0.0
3.4139431145846206,0.0
3.448594854390061,0.0
3.483246594195501,0.0
3.5178983340009413,0.0
3.5525500738063815,0.0
3.5872018136118218,0.0
3.5777862682949007,0.0
3.5688171545328764,0.0
3.560285873279118,0.0
3.552184034564166,0.0
3.5445034510707014,0.0
3.537236131942869,0.0
3.5303742768200106,0.0
3.523910270085377,0.0
3.517836675320809,0.0
3.5121462299588018,0.0
3.5068318401238265,0.0
3.5018865756550817,0.0
3.497303665303293,0.0
3.493076492094449,0.0
3.48919858885377,0.0
3.4856636338834335,0.0
3.482465446787919,0.0
3.479597984441134,0.0
3.4770553370896766,0.0
3.4748317245869167,0.0
3.4729214927527816,0.0
3.4713191098543366,0.0
3.4700191632025255,0.0
3.4690163558605795,0.0
3.5036680956660198,0.0
3.53831983547146,0.0
3.5729715752769002,0.0
3.6076233150823405,0.0
3.6422750548877807,0.0
3.676926794693221,0.0
3.711578534498661,0.0
3.7462302743041014,0.0
3.7808820141095416,0.22991305336676118
3.815533753914982,0.2299131820637395
3.850185493720422,0.22991316001283738
3.8848372335258623,0.22991305194922906
3.9194889733313025,0.22991300255215638
3.9541407131367428,0.22991297427066812
3.988792452942183,0.22991302818964832
4.023444192747624,0.22991304305098634
4.058095932553064,0.22991305080828883
4.092747672358504,0.2299130555030665
4.127399412163944,0.22991258952820215
4.162051151969385,0.22991264340713558
4.196702891774825,0.2299126395530514
4.231354631580265,0.22991261572614896
4.266006371385705,0.22991285960344982
4.3006581111911455,0.22991280623583893
4.335309850996586,0.22991277575072064
4.369961590802026,0.22991275409833423
4.404613330607466,0.22991277071930202
4.439265070412906,0.2299127662629029
4.473916810218347,0.22991276787695974
4.508568550023787,0.22991275192199587
4.543220289829227,0.22991246021804204
4.577872029634667,0.22991235668184815
4.612523769440108,0.22991234823671047
4.647175509245548,0.22991263153553682
4.681827249050988,0.22991290836726877
4.716478988856428,0.2299131774836002
4.7511307286618685,0.22991346680026956
4.785782468467309,0.22991366939457542
4.820434208272749,0.22991380747206802
4.855085948078189,0.22991389162328277
4.889737687883629,0.22991375943427383
4.92438942768907,0.22991381932729896
4.95904116749451,0.2299138978702525
4.99369290729995,0.22991382989601497
5.02834464710539,0.22991403762915255
5.0629963869108305,0.22991407236143652
5.097648126716271,0.22991413613767672
5.132299866521711,0.22991453140922014
5.166951606327151,0.22991471695869248
5.2016033461325915,0.2299150237791925
5.236255085938032,0.2299153370523541
5.270906825743472,0.2299157151536645
5.305558565548912,0.22991644837393826
5.340210305354352,0.2299174287753272
5.374862045159793,0.22992059105381887
5.409513784965233,0.22992359971665138
5.444165524770673,0.2299264841000764
5.478817264576113,0.22993419742430343
5.5134690043815535,0.22993580030835392
5.548120744186994,0.2299396170573728
5.582772483992434,0.22994243121730776
5.617424223797874,0.22994504866890897
5.652075963603314,0.22994747435716828
5.686727703408755,0.22995014549569787
5.721379443214195,0.2299522189326752
5.756031183019635,0.22995514014703186
5.790682922825075,0.23000048949513477
5.825334662630516,0.22999640050730397
5.859986402435956,0.23002113000822358
5.894638142241396,0.23004483568284503
5.929289882046836,0.23005642184158118
5.9639416218522765,0.23006521853410059
5.998593361657717,0.23007473252796007
6.033245101463157,0.23017587356177047
6.067896841268597,0.23015802970329427
6.102548581074037,0.23016383592070794
6.137200320879478,0.23017704657643628
6.171852060684918,0.23021389362476577
6.206503800490358,0.2297835698357689
6.241155540295798,0.22957414949585542
6.275807280101239,0.22947035999084398
6.310459019906679,0.22924174410475415
6.345110759712119,0.22711873015405476
6.379762499517559,0.22653353043261584
6.4144142393229995,0.22602035110065477
6.44906597912844,0.22563299150471572
6.48371771893388,0.22513509828056438
6.51836945873932,0.22512511390832896
6.55302119854476,0.2249631968378292
6.587672938350201,0.22419674523898317
6.622324678155641,0.22694481613375334
6.656976417961081,0.22384506679417024
6.691628157766521,0.2166234715240896
6.7262798975719615,0.21143545706577765
6.760931637377402,0.20985650797038738
6.795583377182842,0.20788226470813137
6.830235116988282,0.2061144404523227
6.8648868567937225,0.1992497574185139
6.899538596599163,0.19776808184889186
6.934190336404603,0.1961050248424966
6.968842076210043,0.19462799625550067
7.003493816015483,0.19396226554081006
7.038145555820924,0.19354398021385544
7.072797295626364,0.1945606011701153
7.107449035431804,0.1946468316369196
7.142100775237244,0.195202093286232
7.1767525150426845,0.1999900972496789
7.211404254848125,0.19852531044394944
7.246055994653565,0.19865012780732225
7.280707734459005,0.1988955988437685
7.315359474264445,0.19208995113373753
7.350011214069886,0.19057330985455398
7.384662953875326,0.193133923515443
7.419314693680766,0.1915010093554802
7.453966433486206,0.1899438432693653
7.488618173291647,0.19051206238890478
7.523269913097087,0.1912054270979885
7.557921652902527,0.19140575714912483
7.592573392707967,0.19156290983476165
7.6272251325134075,0.19156410865173035
7.661876872318848,0.1729648127919147
7.696528612124288,0.1791916672085377
7.731180351929728,0.18027212728246939
7.765832091735168,0.18017376129914334
7.800483831540609,0.1754380430252602
7.835135571346049,0.17464482078860788
7.869787311151489,0.17162810861834352
7.904439050956929,0.17537864103271955
7.93909079076237,0.17793678772532437
7.97374253056781,0.1796756223024049
8.00839427037325,0.18129962770823307
8.04304601017869,0.18092726028817174
8.07769774998413,0.1828903423207233
8.11234948978957,0.18414587907603355
8.147001229595011,0.18491758341841671
8.181652969400451,0.1857345950350892
8.216304709205891,0.18509891654421004
8.250956449011332,0.18389273402796333
8.285608188816772,0.17916232225981724
8.320259928622212,0.1717852222337156
8.354911668427652,0.16062207210122273
8.389563408233093,0.16629603629461964
8.424215148038533,0.16968656031033444
8.458866887843973,0.17273142636788053
8.493518627649413,0.17527752064046812
8.528170367454853,0.17680902441395505
8.562822107260294,0.17921734203599426
8.597473847065734,0.17621144627651586
8.632125586871174,0.1770836401958549
8.666777326676614,0.1777127562535744
8.701429066482055,0.1779409359912255
8.736080806287495,0.17806276119396786
8.770732546092935,0.17519241876372282
8.805384285898375,0.17556673872372758
8.840036025703816,0.17628888008783575
8.874687765509256,0.17380444075376447
8.909339505314696,0.1684566311157264
8.943991245120136,0.16691841802559756
8.978642984925576,0.16203778641219851
9.013294724731017,0.1588174008056567
9.047946464536457,0.1664960367303949
9.082598204341897,0.16837203803307246
9.117249944147337,0.1698587122606331
9.151901683952778,0.16902298211710337
9.186553423758218,0.17268977447678763
9.221205163563658,0.17367411889582596
9.255856903369098,0.17248326632061922
9.290508643174539,0.08953298027847649
9.325160382979979,0.08999444925357453
9.359812122785419,0.0830986554647874
9.39446386259086,0.08152865557005289
9.4291156023963,0.08161865207384288
9.46376734220174,0.07313340667776362
9.49841908200718,0.06908055272770082
9.53307082181262,0.06396247882283382
9.56772256161806,0.06157237568261826
9.6023743014235,0.04947790430343556
9.63702604122894,0.056387619397538905
9.671677781034381,-0.13521639443404465
9.706329520839821,-0.09709690721903819
9.740981260645261,-0.08934227794462675
9.775633000450702,-0.08603445291527904
9.810284740256142,-0.07700076555516348
9.844936480061582,-0.07531608781016469
9.879588219867022,-0.07243264832479154
9.914239959672463,-0.06725229935742688
9.948891699477903,-0.07113944799789541
9.983543439283343,-0.06575893040040758
10.018195179088783,-0.061071186551149376
10.052846918894224,-0.06138628293611529
10.087498658699664,-0.058966818608477016
10.122150398505104,-0.058853878025190993
10.156802138310544,-0.058051350958128224
10.191453878115984,-0.058918310055995855
10.226105617921425,-0.0505319821212028
10.260757357726865,-0.04680674756054911
10.295409097532305,-0.0473290919978753
10.330060837337745,-0.04740926185635145
10.364712577143186,-0.05285570184527178
10.399364316948626,-0.05941776996312609
10.434016056754066,-0.06162523566742121
10.468667796559506,-0.06279753236322655
10.503319536364947,-0.06451873548629482
10.537971276170387,-0.013938299926265671
10.572623015975827,0.045404713964935596
10.607274755781267,0.08405107553211065
10.641926495586707,0.11401594645497598
10.676578235392148,0.1386871896330353
10.711229975197588,0.18025086228432288
10.745881715003028,0.30910228876022
10.780533454808468,0.09449543504050331
10.815185194613909,0.11096021186299128
10.849836934419349,0.11350906781873209
10.884488674224789,0.12868081623305774
10.91914041403023,0.1301437089644322
10.95379215383567,0.1334085870675049
10.98844389364111,0.14207688706873417
11.02309563344655,0.14339123235093898
11.05774737325199,0.1491954734594243
11.09239911305743,0.15399137412162148
11.184240418721595,0.1589245946567736
11.276850540109898,0.16363698395325926
11.370251602205544,0.1607172826197386
11.464466514750733,0.16217910488616485
11.559519008551007,0.15594255453923345
11.655433673791917,0.15458554483578468
11.752236000499916,0.14869938219484582
11.84995242128923,0.1483809439342194
11.94861035654738,0.15269978689796937
12.048238262223673,0.15480616880028256
12.148865680397808,0.15512940283657564
12.250523292819627,0.15928630776029543
12.353242977626195,0.16302849489757282
12.457057869458836,0.16367057914747593
12.562002423220841,0.1704736571891418
12.573099214276422,0.1687113553500642
12.58432410887745,0.15716042569779232
12.595675780428596,0.16468202566428175
12.60715291974039,0.15916569832610045
12.618754234739932,0.16808807559246264
12.630478450187272,0.16073088801449006
12.642324307397427,0.1635082508141879
12.654290563967834,0.1612568037887993
12.666375993511153,0.159325757313626
12.678579385393286,0.16006995927900994
12.690899544476508,0.15199970062415225
12.703335290867555,0.15373763497749196
12.715885459670613,0.15708727779207718
12.728548900745034,0.14675047971002322
12.741324478467746,0.14536426003994043
12.754211071500183,0.14571188352668443
12.767207572559666,0.14251237462083982
12.780312888195159,0.13981684057977678
12.793525938567237,0.14013726190225376
12.806845657232255,0.1449726160654311
12.820270990930554,0.1465732881903549
12.833800899378664,0.1477191074031569
12.847434355065385,0.15056195824631585
12.861170343051674,0.14648284534987216
12.875007860774275,0.14448272450183372
12.888945917852972,0.1422891112088161
12.902983535901399,0.14087164026664759
12.917119748341364,0.13429065213497798
12.931353600220564,0.1357070676307408
12.945684148033639,0.13391123692023665
12.960110459546506,0.12586534409989916
12.974631613623883,0.11950634060706314
12.989246700059937,0.11599330623129452
13.003954819412009,0.11186308462520461
13.018755082837323,0.10938216031450787
13.033646611932648,0.10637838276599038
13.04862853857682,0.10493041367970984
13.063700004776079,0.104148569828312
13.078860162512175,0.1041845421391746
13.094108173593154,0.10259280926323623
13.109443209506795,0.09859474236125935
13.124864451276641,0.10059659981801254
13.140371089320551,0.09620221642650158
13.155962323311737,0.08970624908318504
13.171637362042244,0.08587662882547847
13.187395423288795,0.08372243699709192
13.20323573368098,0.07352543363368275
13.219157528571726,0.07450832958536982
13.235160051910007,0.06767149853497628
13.251242556115749,0.06792065748634647
13.267404301956878,0.05386442382198911
13.283644558428493,0.05313536386973502
13.299962602634077,0.039156117075208774
13.316357719668748,0.02828075720049963
13.332829202504495,0.011339103355506325
13.34937635187735,0.007268071395699662
13.365998476176454,-0.0124099544035616
13.382694891335023,-0.03597073117673107
13.39946492072311,-0.05596208581197949
13.41630789504218,-0.08341474540053471
13.43322315222144,-0.09567582321620283
13.450210037315893,-0.14019437741298435
13.467267902406082,-0.2758268838115129
13.484396106499497,-0.3036757875736637
13.501594015433609,-0.21501542791200084
13.518861001780486,-0.177026806642402
13.536196444752996,-0.16041900129616102
13.553599730112516,-0.14818172785839834
13.57107025007817,-0.13018962546778381
13.588607403237532,-0.13910839172938644
13.606210594458773,-0.09281745351485028
13.623879234804237,-0.10754543427673897
13.641612741445407,-0.1276721930556619
13.659410537579234,-0.1130433605379827
13.677272052345808,-0.10390218427420675
13.695196720747354,-0.09932029909497564
13.713183983568502,-0.10321761590497311
13.731233287297844,-0.10643239552875988
13.749344084050716,-0.09079939802032636
13.76751583149321,-0.09466731340547137
13.78574799276738,-0.09309490763374491
13.858050620654549,-0.08906484944883412
13.930673040866669,-0.09076979452220356
14.003621808388633,-0.07298476663896697
14.07690363353926,-0.0828432694392182
14.150525386905002,-0.0777612369645659
14.224494104458298,-0.07401947284657125
14.29881699286875,-0.07840106372479258
14.373501435015738,-0.07735882394397528
14.448554995711548,-0.07511764942355405
14.52398542764449,-0.06995174704374392
14.599800677552057,-0.07040457836777834
14.676008892634625,-0.06938886205039364
14.752618427220819,-0.07569457515226989
14.829637849696176,-0.07380794570141627
14.907075949707437,-0.0724202034872274
14.984941745655394,-0.07220956226710813
15.063244492489961,-0.07585822745999365
15.141993689821868,-0.08220484928829562
15.221199090366136,-0.08033665824288218
15.300870708733381,-0.08007866259298228
15.38101883058583,-0.08211423256164116
15.461654022175908,-0.07290777321336352
15.54278714028627,-0.08469153171622172
15.624429342591164,-0.07950057231359393
15.706592098460208,-0.07603504947879368
15.789287200226866,-0.07398030400286294
15.872526774945143,-0.07740974580323372
15.956323296659466,-0.076401598631974
16.040689599214137,-0.0762113847410815
16.125638889630302,-0.07673045855278866
16.21118476208011,-0.09804821139522038
16.297341212489385,-0.11008171647775827
16.384122653802226,-0.011422407880072987
16.471543931942747,-0.022499392987533152
16.559620342511607,-0.048850043420770144
16.64836764825701,-0.07830415211893603
16.737802097362632,-0.08394115772083235
16.827940442597352,-0.08136137973049577
16.918799961374653,-0.05860395511250899
17.010398476772632,-0.07783484331548712
17.10275437956867,-0.0997966395140283
17.195886651346555,-0.12669091508056074
17.289814888737464,-0.12897125083713842
17.384559328860327,0.008613874281140717
17.480140876031456,-0.044221341844575504
17.5602830328984,-0.053477075113790185
17.532265227812317,-0.0555545305047943
17.503343311807676,-0.0597323883828877
17.47349341657826,-0.08210211798854157
17.4426908512383,-0.06322586549110802
17.410910066240294,-0.0552983335772367
17.378124615380788,-0.07571747488614099
17.344307115774704,-0.06886126894301275
17.30942920567037,-0.08754523258848469
17.27346149996799,-0.060646130538989644
17.236373543294334,-0.06574195521337756
17.198133760475407,-0.06863070267629574
17.15870940423726,-0.061888238931183906
17.118066499952057,-0.07576679706149896
17.076169787232764,-0.07046887614361494
17.110821527038205,-0.0601522969192735
17.145473266843645,-0.07527747499089264
17.180125006649085,-0.06966324376709604
17.214776746454525,-0.05469135348284974
17.249428486259966,-0.06730690328136925
17.284080226065406,-0.05852793109807729
17.318731965870846,-0.037044222921365694
17.353383705676286,-0.05040333023602961
17.388035445481727,-0.05414995960870517
17.422687185287167,-0.0625033065208274
17.457338925092607,-0.05599408245186173
17.491990664898047,-0.043304710584851164
17.526642404703487,-0.04680834017988187
17.561294144508928,-0.04994255928529407
17.595945884314368,-0.029707957214630598
17.630597624119808,-0.016639865091340425
17.66524936392525,-0.02105253789634821
17.69990110373069,-0.02624270077210408
17.73455284353613,-0.017585391877324802
17.76920458334157,-0.013065728451014042
17.80385632314701,-0.012454578125998568
17.83850806295245,-0.021745758027822408
17.87315980275789,-0.0191872390605414
17.90781154256333,-0.021313575441876863
17.94246328236877,-0.021814902085581442
17.97711502217421,-0.017079103405743652
18.01176676197965,-0.01701250597433514
18.04641850178509,-0.011256129668730673
18.08107024159053,-0.011976088913513414
18.11572198139597,-0.027928144037560856
18.15037372120141,-0.019229623927336344
18.185025461006852,-0.015365596876361699
18.219677200812292,-0.014638572054123675
18.254328940617732,-0.016767642687907595
18.288980680423172,-0.01317478559444798
18.323632420228613,-0.0015781876283810497
18.358284160034053,0.003035720668107182
18.392935899839493,-0.0021470519488905222
18.427587639644933,-0.008037509926781743
18.462239379450374,-0.020403347772021303
18.496891119255814,-0.020218942709854783
18.531542859061254,-0.019405753396009386
18.566194598866694,-0.012705872576263967
18.600846338672135,-0.013307447463077897
18.635498078477575,-0.021918308423614127
18.670149818283015,-0.01576891644166877
18.704801558088455,-0.009103031688745723
18.739453297893895,-0.010539476954618847
18.774105037699336,-0.018384441749697084
18.808756777504776,-0.0229492770219641
18.843408517310216,-0.018852634285228334
18.878060257115656,-0.011561875316553802
18.912711996921097,-0.018942089188325524
18.947363736726537,-0.01924473795899952
18.982015476531977,-0.03442462928742249
19.016667216337417,-0.023284645553228844
19.051318956142858,-0.02199439336904612
19.085970695948298,-0.01436850736712564
19.120622435753738,-0.027444243597298492
19.155274175559178,-0.020374825603287596
19.18992591536462,-0.03427668991106301
19.22457765517006,-0.034766740100362716
19.2592293949755,-0.037316948438876396
19.29388113478094,-0.039646467641296944
19.32853287458638,-0.03303821880341459
19.36318461439182,-0.03337377177401401
19.39783635419726,-0.03896942499491706
19.4324880940027,-0.04155114442367015
19.46713983380814,-0.04583612312170863
19.50179157361358,-0.03719446415775913
19.53644331341902,-0.037804175636084014
19.57109505322446,-0.0516182107041073
19.6057467930299,-0.04741086758915383
19.64039853283534,-0.06478368359453376
19.67505027264078,-0.061167786753727076
19.709702012446222,-0.04161802442570412
19.744353752251662,-0.0427164856649981
19.779005492057102,-0.05833976922562943
19.813657231862543,-0.06044181524870782
19.848308971667983,-0.05686956287585005
19.882960711473423,-0.03874543723721833
19.917612451278863,-0.042819074896701274
19.952264191084303,-0.075529016982074
19.986915930889744,-0.06288583067717736
20.021567670695184,-0.0444448982451643
20.056219410500624,-0.04941964823761496
20.090871150306064,-0.0576313068328753
20.125522890111505,-0.06790507020021659
20.160174629916945,-0.05719079521606731
20.194826369722385,-0.06056151903227622
20.229478109527825,-0.061835540221498
20.264129849333266,-0.06490161129446108
20.298781589138706,-0.05821822791866478
20.333433328944146,-0.04698381313515954
20.368085068749586,-0.06381351813959099
20.402736808555026,-0.05263992407384216
20.437388548360467,-0.05973567305191387
20.472040288165907,-0.05301397118886307
20.506692027971347,-0.026281730006301064
20.541343767776787,-0.03290108912589906
20.575995507582228,-0.04864824789847091
20.610647247387668,-0.049516767809361165
20.645298987193108,-0.04716561511094922
20.67995072699855,-0.044276523234915065
20.71460246680399,-0.04233094404528493
20.74925420660943,-0.04395515898334135
20.78390594641487,-0.04906296293799631
20.81855768622031,-0.04571284971715695
20.85320942602575,-0.05046629631401034
20.88786116583119,-0.06612057685482947
20.92251290563663,-0.06477764260157075
20.95716464544207,-0.05241146988872524
20.99181638524751,-0.054615869772378894
21.02646812505295,-0.06223389137226367
21.06111986485839,-0.05939189866572363
21.09577160466383,-0.06668670394379562
21.13042334446927,-0.05556431189533351
21.16507508427471,-0.06309336355948361
21.19972682408015,-0.07218066780290244
21.234378563885592,-0.057802276084270375
21.269030303691032,-0.05796507144250709
21.303682043496472,-0.0535615400846546
21.338333783301913,-0.05527811650761677
21.372985523107353,-0.06463844688272374
21.407637262912793,-0.07221785935512806
21.442289002718233,-0.06461507594205902
21.476940742523674,-0.06937135909596019
21.511592482329114,-0.06784177021260324
21.546244222134554,-0.06793225127043051
21.580895961939994,-0.0661624113311522
21.615547701745434,-0.06920597373642721
21.650199441550875,-0.07045485235116049
21.684851181356315,-0.06699649996067276
21.719502921161755,-0.06568978090645718
21.754154660967195,-0.06203966137982096
21.788806400772636,-0.07486279903988166
21.823458140578076,-0.07699907198067939
21.858109880383516,-0.07698230958510832
21.892761620188956,-0.0695435759637763
21.927413359994397,-0.0656350488630525
21.962065099799837,-0.07718717073566037
21.996716839605277,-0.07062653582998793
22.031368579410717,-0.06931062222674574
22.066020319216157,-0.07669414387977366
22.100672059021598,-0.07351890558381928
22.135323798827038,-0.06904896150838508
22.169975538632478,-0.07086757523201759
22.20462727843792,-0.0762090827642871
22.23927901824336,-0.0682577074842276
22.2739307580488,-0.08104271467662533
22.30858249785424,-0.07658882045054556
22.34323423765968,-0.07662028831999056
22.37788597746512,-0.08508779576422316
22.41253771727056,-0.08536523820648736
22.447189457076,-0.07710377617049663
22.48184119688144,-0.07513608666073149
22.51649293668688,-0.06352054711252729
22.55114467649232,-0.0678529124811772
22.58579641629776,-0.08149776018967529
22.6204481561032,-0.09407675919671715
22.65509989590864,-0.0887770190787252
22.68975163571408,-0.09283161519774025
22.762154930684968,-0.07759487757549946
22.834251408066784,-0.07351172496557266
22.9060453645234,-0.07290991296450099
22.977541018299895,-0.08432037130149725
23.048742511013135,-0.08219415320721812
23.119653909393627,-0.09072216886130666
23.190279206980083,-0.07491542318696771
23.26062232576825,-0.0814874323019408
23.3306871178154,-0.06961284838390945
23.40047736680192,-0.064040789297594
23.46999678955126,-0.07692606841926009
23.539249037509585,-0.09133888759885243
23.608237698186368,-0.09420304750109608
23.676966296557094,-0.09778468276421234
23.745438296429242,-0.08783612656172882
23.813657101772694,-0.08425953797344805
23.881626058015605,-0.08310180810267255
23.9493484533068,-0.08790616210358869
24.016827519745675,-0.08591686308403701
24.08406643458065,-0.08648784177764718
24.15106832137698,-0.07644251454177527
24.217836251154974,-0.09839767034373618
24.284373243499402,-0.08993191036478096
24.35068226764095,-0.08825209455551952
24.416766243510565,-0.09202430747178635
24.48262804276751,-0.095620596096541
24.548270489801777,-0.09626897790646631
24.613696362711746,-0.09812908907100139
24.66516908868923,-0.09383164998417383
24.669471689765928,-0.0909279218589237
24.67398279900278,-0.1040268899970634
24.678699814163593,-0.0999869010628596
24.68362017476384,-0.10354842672609318
24.68874136122773,-0.09984042918535073
24.694060894065643,-0.09572054485657047
24.699576333071207,-0.09756975947905341
24.705285276537595,-0.10125738901929737
24.711185360492422,-0.09996565766890225
24.717274257950802,-0.10038351782999252
24.723549678185982,-0.1013240692271585
24.730009366017153,-0.10349500137654763
24.736651101113893,-0.09957730805882944
24.743472697316868,-0.10550441673002431
24.75047200197426,-0.09185447331327015
24.757646895293597,-0.10351978330578171
24.76499528970848,-0.11108960383904803
24.772515129259844,-0.10318186910445354
24.78020438899141,-0.1061934080880388
24.788061074358865,-0.10739106518546035
24.79608322065246,-0.10898931082262614
24.804268892432663,-0.10227502996869439
24.812616182978534,-0.11034348284592822
24.821123213748447,-0.10749826267249157
24.829788133852887,-0.10418421462234578
24.838609119538983,-0.10293232441237662
24.847584373686466,-0.10741659389155549
24.856712125314775,-0.11846002751797167
24.865990629101013,-0.11181722941143617
24.875418164908474,-0.11683533316879861
24.88499303732549,-0.11421020926056585
24.894713575214297,-0.10802886031956332
24.90457813126971,-0.11685581028640196
24.914585081587315,-0.10969239405418096
24.924732825240987,-0.1130343314856651
24.935019783869464,-0.11443421485368924
24.945444401271743,-0.11771890752213998
24.956005143011133,-0.11524732826034016
24.966700496027684,-0.1149899738392265
24.977528968258824,-0.107388959122981
24.988489088267983,-0.10919757950048559
24.99957940488104,-0.11220055662023294
25.01079848683036,-0.11942324732232111
25.022144922406255,-0.09932989134328482
25.033617319115688,-0.11699424267470998
25.045214303348047,-0.12492362908278494
25.056934520047818,-0.12284033202880926
25.068776632394,-0.12210174098674359
25.080739321486035,-0.1289958402218634
25.092821286036237,-0.12769363426756028
25.105021242068407,-0.12906872671500821
25.117337922622593,-0.12846622616186082
25.129770077465803,-0.13059887706007883
25.142316472808567,-0.1406188785606204
25.154975891027153,-0.1274050189534884
25.167747130391366,-0.13320034998047403
25.18062900479776,-0.13337659413743935
25.19362034350815,-0.13050235414533276
25.20671999089333,-0.12903805932067738
25.21992680618178,-0.13360582243502825
25.233239663213382,-0.13719011147329202
25.24665745019794,-0.13199994138166385
25.260179069478404,-0.13128848067636167
25.273803437298714,-0.13020671145039556
25.287529483576144,-0.13322938633371856
25.301356151678068,-0.138902017247718
25.315282398202985,-0.14196510412451213
25.329307192765803,-0.13283424298773172
25.34342951778719,-0.13123128789441305
25.357648368286966,-0.12633386926041537
25.371962751681423,-0.11572024924215883
25.386371687584486,-0.12827776188654566
25.400874207612624,-0.12128527698617166
25.41546935519344,-0.1340226288762334
25.430156185377868,-0.13093600254996757
25.44493376465585,-0.1315835687927135
25.459801170775478,-0.12797588807195068
25.47475749256549,-0.12632610484384008
25.489801829761067,-0.13405535221434645
25.50493329283281,-0.13621013019068706
25.520151002818906,-0.13218000052609435
25.53545409116036,-0.12881643950998226
25.550841699539227,-0.12239397043119281
25.566312979719807,-0.1225642285546875
25.581867093392727,-0.12331541761971186
25.59750321202184,-0.11492273057368564
25.613220516693897,-0.1221307484912454
25.6290181979709,-0.11830012219929328
25.644895455745147,-0.126824125343339
25.660851499096832,-0.12585588081734356
25.676885546154203,-0.12590921248611125
25.692996823956186,-0.12402412551315362
25.709184568317465,-0.1208591655171401
25.725448023695943,-0.11604493703342937
25.741786443062505,-0.12069563954246754
25.7581990877731,-0.13149728111719636
25.774685227443065,-0.1388731773170531
25.79124413982359,-0.136128261349374
25.807875110680385,-0.1280192150702903
25.824577433674428,-0.13236846068212285
25.841350410244775,-0.13241297085491754
25.858193349493366,-0.1299384796803677
25.87510556807185,-0.1278286547829154
25.89208639007031,-0.12337322748066978
25.909135146907904,-0.12699333957757158
25.926251177225357,-0.12573739112756877
25.943433826779287,-0.13622017554426027
25.960682448338297,-0.13739460922272587
25.97799640158083,-0.14203365776321875
25.995375052994746,-0.13522563375227648
26.01281777577855,-0.14542000006598563
26.030323949744325,-0.14484751255138031
26.047892961222196,-0.1497642888270853
26.065524202966458,-0.1485719035112144
26.083217074063207,-0.14626254234130237
26.10097097983952,-0.1527018154716576
26.1187853317741,-0.15701015390171613
26.13665954740941,-0.1575446276556718
26.15459305026522,-0.16797813316228286
26.18436671664048,-0.16399063415951745
26.214145390549525,-0.15596537291321919
26.243929057857727,-0.16075316532423228
26.273717704472602,-0.15673721771382063
26.303511316343606,-0.16114181278302833
26.333309879461986,-0.15775097449447223
26.363113379860604,-0.1577482756329758
26.392921803613742,-0.15410004703470276
26.422735136836963,-0.1575944566065928
26.452553365686914,-0.1634221444423842
26.48237647636116,-0.16279857800809977
26.512204455098033,-0.16447950817304835
26.542037288176434,-0.16527752463897277
26.571874961915686,-0.15947387762048548
26.60171746267536,-0.15914937916839564
26.631564776855107,-0.16095454421709451
26.6614168908945,-0.16488691969180064
26.691273791272852,-0.1658631289097996
26.721135464509075,-0.16884638836531954
26.751001897161494,-0.1720327708376481
26.780873075827706,-0.17423949633443844
26.8107489871444,-0.17631165505935717
26.8406296177872,-0.1851014521802212
26.87051495447052,-0.18377097981275675
26.900404983947375,-0.1803937141317638
26.930299693009253,-0.1877478412992012
26.96019906848594,-0.18883624046633707
26.99010309724536,-0.19459230387402116
27.020011766193427,-0.1947012555637814
27.04992506227389,-0.1906358517937489
27.07984297246817,-0.18420570982270076
27.109765483795208,-0.18098974223082562
27.139692583311316,-0.19208070592855672
27.169624258110016,-0.18635696089788603
27.199560495321897,-0.18624982898070175
27.229501282114455,-0.1893389066427658
27.259446605691945,-0.19304839302317525
27.289396453295236,-0.1925095461593245
27.319350812201648,-0.19350420878566713
27.349309669724825,-0.18693562629753305
27.379273013214554,-0.18647406884297468
27.409240830056657,-0.17931588030589019
27.439213107672813,-0.1761011455864581
27.46918983352042,-0.16294749334300818
27.499170995092467,-0.16981553840384817
27.529156579917355,-0.18135307338386245
27.559146575558785,-0.1777347209768306
27.5891409696156,-0.17817421539884457
27.619139749721644,-0.18192936652447195
27.649142903545613,-0.1789749737262752
27.679150418790933,-0.1768491807999213
27.709162283195592,-0.17572003042453335
27.739178484532022,-0.1849895203578904
27.76919901060695,-0.18238669538052593
27.79922384926126,-0.18130934811013258
27.829252988369856,-0.18202736575448025
27.859286415841517,-0.17986064579955097
27.88932411961877,-0.17912957335946653
27.919366087677755,-0.17794657046283643
27.949412308028073,-0.18311433960558493
27.97946276871267,-0.18988277760783165
28.009517457807682,-0.18084598188347367
28.039576363422327,-0.18244923776882654
28.069639473698743,-0.1808402993789367
28.09970677681188,-0.1768499696542667
28.129778260969346,-0.17891174810230148
28.159853914411297,-0.17531246801051364
28.189933725410285,-0.17260633094941746
28.22001768227114,-0.17257837970847095
28.250105773330844,-0.17629579063969977
28.280197986958388,-0.17614053067439264
28.31029431155465,-0.17614266520543467
28.35271715015143,-0.17726220625964906
28.395151968295913,-0.18230107102153179
28.437598823682887,-0.18287540502674515
28.48005777427839,-0.18054752529696183
28.522528878321562,-0.18039601521427862
28.565012194326552,-0.16414880326652442
28.6075077810844,-0.16574487141041272
28.65001569766497,-0.16011355848732897
28.69253600341886,-0.1570946290001654
28.73506875797937,-0.1524771551794287
28.777614021264444,-0.15888795233692488
28.820171853478662,-0.16121933259338314
28.86274231511522,-0.1588945199343773
28.90532546695793,-0.15395447491462178
28.947921370083257,-0.153368549784029
28.99053008586236,-0.15186660539249341
29.03315167596312,-0.152275487540077
29.075786202352234,-0.1574039438239137
29.118433727297294,-0.15604912343289162
29.161094313368885,-0.1682030702465296
29.203768023442702,-0.15987126042625435
29.24645492070171,-0.14994878682632526
29.28915506863825,-0.13983320806974994
29.331868531056255,-0.14142607423519285
29.374595372073408,-0.13944347451593464
29.41733565612335,-0.1429999261215188
29.460089447957905,-0.13942174007118374
29.502856812649334,-0.13644608880727352
29.545637815592556,-0.13209343998883735
29.588432522507457,-0.13349575782650594
29.631240999441157,-0.1353587572639461
29.67406331277034,-0.12892159317501142
29.716899529203573,-0.1268030929567417
29.759749715783663,-0.11854304074006897
29.80261393989001,-0.12457224687796907
29.845492269241,-0.11851965124849992
29.888384771896426,-0.12001454497021816
29.931291516259883,-0.10862564029216577
29.97421257108123,-0.11483192039675277
30.017148005459063,-0.10177293276411023
30.060097888843174,-0.10975009701568111
30.103062291037077,-0.10403971450493962
30.14604128220052,-0.10244047807605904
30.189034932852046,-0.09502457461598433
30.232043313871525,-0.0859056536038153
30.27506649650279,-0.10639223717968758
30.3181045523562,-0.0935394040381744
30.3611575534113,-0.08960441674069418
30.404225572019453,-0.09150435865133182
30.44730868090652,-0.08159536441077507
30.49040695317556,-0.0775051609888161
30.533520462309543,-0.0688716863642019
30.576649282174085,-0.06571125720129659
30.61979348702021,-0.06546456095149224
30.66295315148715,-0.057649834366125925
30.70612835060514,-0.054820669759625816
30.74931915979824,-0.04663683977093842
30.792525654887218,-0.04735162977345221
30.8357479120924,-0.030797103939872564
30.878986008036602,-0.025496732470706458
30.922240019748028,-0.01306981842610338
30.965510024663242,-0.010136015843163837
31.00879610063014,-0.008835019991166657
31.052098325910944,0.00542575603890373
31.09541677918524,0.026437495910540773
31.138751539553027,0.012661930505708237
31.18210268653779,0.007115586241214451
31.22547030008961,0.026879078561775696
31.2688544605883,0.03202822910566659
31.312255248846547,0.025496176526123824
31.355672746113108,0.04276595406066793
31.39910703407601,0.04981762545576643
31.442558194865818,0.04412647096508246
31.486026311058854,0.06245197213834767
31.529511465680535,0.08729862245329205
31.573013742208673,0.09150539413174898
31.61653322457683,0.10728250628446488
31.660069997177697,0.10820334948263548
31.703624144866506,0.12029310571204811
31.74719575296447,0.1378272599861141
31.79078490726224,0.14709146471967052
31.83439169402342,0.13802508682679726
31.878016199988082,0.1753636484881203
31.92165851237633,0.1994411989566787
31.965318718891886,0.20450590650715939
32.008996907725724,0.22794036304025056
32.0526931675597,0.21116526155486798
32.09640758757026,0.2686931235298701
32.14014025743215,0.21925721375775598
32.183891267322146,0.17965768437562632
32.22766070792287,0.15319967522526062
32.27144867042658,0.13763585620381105
32.315255246539024,0.1271499934797466
32.35908052848334,0.10996245269318773
32.39373226828878,0.1017433131353078
32.42838400809422,0.09427322187125337
32.46303574789966,0.08927571385472882
32.4976874877051,0.08673618133347977
32.53233922751054,0.06482288720598589
32.56699096731598,0.05919471013569104
32.60164270712142,0.05746153354439048
32.63629444692686,0.05543291318220889
32.6709461867323,0.05304886416829562
32.70559792653774,0.04761888514089386
32.74024966634318,0.04506653657931335
32.77490140614862,0.041618510704458905
32.80955314595406,0.03487706249158612
32.8442048857595,0.03424298261633171
32.87885662556494,0.03645975684961643
32.91350836537038,0.026829128135396712
32.94816010517582,0.02997987854953402
32.98281184498126,0.029909000039663222
33.017463584786704,0.029238880168123392
33.052115324592144,0.029872368264228788
33.086767064397584,0.027612046833760912
33.121418804203024,0.024092398093345513
33.156070544008465,0.022452615289734447
33.190722283813905,0.022949533035744506
33.225374023619345,0.020152105187972644
33.260025763424785,0.0180006192165259
33.294677503230226,0.005389521472156264
33.329329243035666,-0.0009289438030458384
33.363980982841106,0.0002413430029203632
33.398632722646546,-0.001956159731518952
33.43328446245199,-0.004610737816774609
33.46793620225743,-0.006607478790259085
33.50258794206287,-0.008998314810202515
33.53723968186831,-0.008237802244731937
33.57189142167375,-0.010742056410676312
33.60654316147919,-0.01077389797065409
33.64119490128463,-0.011652505767550511
33.67584664109007,-0.011585775448430818
33.71049838089551,-0.014978137426877624
33.74515012070095,-0.01695920512365333
33.77980186050639,-0.015667951454444662
33.81445360031183,-0.01591043394046678
33.84910534011727,-0.01764441608782847
33.88375707992271,-0.01486046345217256
33.91840881972815,-0.014371270750116317
33.95306055953359,-0.009873694332564678
33.98771229933903,-0.015464530046961099
34.02236403914447,-0.01778036301162059
34.05701577894991,-0.01917435954226604
34.09166751875535,-0.020374908292869105
34.12631925856079,-0.024480080941721338
34.16097099836623,-0.023166227200538413
34.19562273817167,-0.023673730347437257
34.23027447797711,-0.021349060538567097
34.26492621778255,-0.021212520569238225
34.29957795758799,-0.022818670042443645
34.33422969739343,-0.019472757712541852
34.36888143719887,-0.018265838666704615
34.40353317700431,-0.019500582946365842
34.43818491680975,-0.0174586984730549
34.47283665661519,-0.014824805733306379
34.507488396420634,-0.013584162231261456
34.542140136226074,-0.012045821764550445
34.576791876031514,-0.009213505224646923
34.611443615836954,-0.006822247135826564
34.646095355642395,-0.006578722923078655
34.680747095447835,-0.0073667109056759885
34.715398835253275,-0.008672967231923205
34.750050575058715,-0.007778158010639726
34.784702314864155,-0.007456572728428865
34.819354054669596,-0.005373626952567639
34.854005794475036,-0.00696639877801038
34.888657534280476,-0.006988736102075605
34.923309274085916,-0.00365596445343997
34.95796101389136,-0.009023752651992838
34.9926127536968,-0.007539125437298009
35.02726449350224,-0.009527729365780389
35.06191623330768,-0.013421019908996978
35.09656797311312,-0.010357410610917403
35.13121971291856,-0.006916562804140701
35.165871452724,-0.005045719444440723
35.20052319252944,-0.004225998178361532
35.23517493233488,-0.004177540907565071
35.26982667214032,-0.004124405609182515
35.30447841194576,-0.004364796041758032
35.3391301517512,0.0009512948611547138
35.37378189155664,0.005260996099293106
35.40843363136208,0.0050565413655209645
35.44308537116752,0.010255701595071491
35.47773711097296,0.010718055337542082
35.5123888507784,0.0099415912014562
35.54704059058384,0.01163130131042604
35.58169233038928,0.010844686146575975
35.61634407019472,0.01054861759789038
35.65099581000016,0.010250614040277363
35.6856475498056,0.010774464649426309
35.72029928961104,0.010873468653917496
35.75495102941648,0.01864594798593384
35.78960276922192,0.019463193161355304
35.82425450902736,0.01665715437579773
35.8589062488328,0.014162712016893468
35.89355798863824,0.017511567729831493
35.92820972844368,0.025062521075788977
35.96286146824912,0.0245853659223718
35.99751320805456,0.02410310076036603
36.032164947860004,0.024372910650497112
36.066816687665444,0.024635117038908073
36.101468427470884,0.027004867363876535
36.136120167276324,0.026055873159970842
36.170771907081765,0.02721015688260071
36.205423646887205,0.024151625834969947
36.240075386692645,0.028350600328796147
36.274727126498085,0.03726279200173082
36.309378866303526,0.037721439363058905
36.344030606108966,0.0388705348357346
36.378682345914406,0.037839864013345575
36.413334085719846,0.03752021541009902
36.447985825525286,0.03324293174279778
36.48263756533073,0.03539072938897742
36.51728930513617,0.03407934081948545
36.55194104494161,0.03351914427504522
36.58659278474705,0.034969007654757876
36.62124452455249,0.04328843198505599
36.65589626435793,0.04985450980317089
36.68776820055858,0.052702674889947905
36.71964185786935,0.053238225525985915
36.751517233714495,0.05529588838093621
36.78339432552269,0.06732121049528524
36.81527313072698,0.07303377327370363
36.847153646764795,0.07044742283563932
36.87903587107792,0.07182906753769729
36.9109198011125,0.07561662341870554
36.94280543431904,0.07996139998661227
36.97469276815236,0.088691235229753
37.00658180007161,0.09230223632705617
37.03847252754027,0.09520099471364464
37.07036494802612,0.09273204206888783
37.10225905900123,0.09402006665762223
37.13415485794196,0.09522877320861575
37.166052342328946,0.10565621243822985
37.1979515096471,0.10919000917745414
37.22985235738558,0.10485422499331894
37.2617548830378,0.1008825566301165
37.29365908410142,0.0988447805622447
37.3255649580783,0.0967942708555976
37.35747250247456,0.09633343086658712
37.389381714800486,0.09202475696761257
37.421292592570595,0.08688388658755893
37.453205133303584,0.08497711102789864
37.48511933452233,0.07799516411717865
37.51703519375389,0.07736448852026583
37.54895270852948,0.07647388495834113
37.58087187638444,0.06571189951032348
37.612792694858314,0.06147556525954829
37.64471516149472,0.05988168569603472
37.676639273841445,0.058753831083545226
37.708565029450355,0.06138936492863409
37.74049242587744,0.06321532536394237
37.77242146068279,0.06345027811376365
37.80435213143058,0.06327482436172525
37.836284435689066,0.057452741390978466
37.86821837103055,0.05007005159893512
37.900153935031426,0.03743162879309031
37.93209112527212,0.035089053453393464
37.96402993933711,0.035326309716075546
37.995970374814895,0.033574524354187445
38.027912429298,0.025968460398707843
38.05985610038297,0.01748672634725838
38.091801385670365,0.012006746169965722
38.123748282764716,0.008685272280253618
38.15569678927455,-0.020550782887603796
38.18764690281239,-0.041049118359997874
38.21959862099471,-0.059256187965523455
38.251551941441946,-0.06588802463184282
38.2835068617785,-0.09243792818059764
38.31546337963269,-0.09898641503120087
38.3474214926368,-0.1623286636228492
38.379381198427005,-0.16043572266018327
38.411342494643435,-0.15399311877579394
38.44330537893009,-0.1527417942979215
38.4752698489349,-0.1524060621343144
38.50723590230966,-0.14772046442636722
38.53920353671006,-0.15947903166551264
38.571172749795664,-0.15930381580325795
38.60314353922988,-0.1552772739454321
38.63511590268001,-0.16078326795373712
38.667089837817166,-0.1623490977781201
38.69906534231632,-0.16274017268881577
38.73104241385625,-0.1704901293495986
38.76302105011958,-0.17992873483048155
38.795001248792744,-0.1802268152679551
38.82698300756596,-0.18697286269609642
38.858966324133256,-0.18847646151536399
38.890951196192454,-0.18887890612097202
38.92293762144514,-0.18107334767759042
38.95492559759668,-0.17786591266310084
38.98691512235618,-0.17888606354327344
39.01890619343654,-0.17087586740387528
39.05089880855438,-0.1674932988820505
39.08289296543004,-0.16221720256896055
39.114888661787624,-0.1649066135441718
39.146885895354934,-0.16280113551779932
39.17888466386349,-0.16177512614711567
39.210884965048514,-0.1630743994406028
39.242886796648925,-0.18601135139478223
39.274890156407324,-0.19318464205256977
39.306895042069996,-0.1795869991182559
39.3389014513869,-0.1728161676196128
39.370909382111655,-0.16666819377238887
39.402918832001525,-0.16231620824184287
39.43492979881743,-0.16275368816642358
39.466942280323934,-0.16190640499520512
39.49895627428922,-0.16778912167340115
39.530971778485096,-0.16600232056423528
39.56298879068699,-0.15904396196356688
39.595007308673914,-0.16063867747345573
39.62702733022852,-0.1610916345248739
39.65904885313702,-0.1665907484935841
39.69107187518921,-0.18303814956310033
39.72309639417846,-0.18184156087942124
39.75512240790173,-0.17575939137323388
39.7871499141595,-0.17590236661579356
39.81917891075583,-0.1734542716410411
39.85120939549832,-0.1708640020260802
39.88324136619809,-0.1692207027890256
39.9152748206698,-0.17153717926536174
39.947309756731634,-0.16786227626902006
39.97934617220527,-0.16765008604321113
40.011384064915894,-0.1677020934852896
40.043423432692215,-0.17886750148155547
40.0754642733664,-0.1771714065792538
40.1075065847741,-0.17746039112760376
40.13955036475446,-0.17806354982889067
40.171595611150074,-0.17703245892179056
40.20364232180699,-0.1755672001748869
40.23569049457472,-0.1799099537101904
40.26774012730621,-0.16904737830323802
40.29979121785786,-0.15077785950350125
40.331843764089456,-0.1610080465301133
40.36389776386425,-0.15890417210340935
40.395953215048884,-0.15871986882035538
40.4280101155134,-0.15697818183104287
40.46006846313126,-0.1573139688750695
40.492128255779285,-0.15830455869368867
40.524189491337715,-0.1538414160608177
40.55625216769014,-0.14861154414826863
40.588316282723525,-0.1495169219638324
40.62038183432819,-0.15194629032230866
40.65244882039783,-0.16524360353954645
40.684517238829464,-0.16181290071500476
40.71658708752345,-0.15970983949158085
40.74865836438349,-0.16056409784094927
40.7807310673166,-0.16037337843144323
40.81280519423313,-0.1557234334292446
40.844880743046716,-0.15941345371453222
40.87695771167431,-0.17149196218503737
40.90903609803615,-0.1827226043798547
40.94111590005578,-0.17775660007038546
40.97319711566001,-0.17254779389886823
41.00527974277892,-0.17531990338910097
41.037363779345874,-0.1716753990719389
41.06944922329748,-0.1747741887720639
41.10153607257361,-0.17718418187424081
41.133624325117374,-0.18793356640033704
41.16571397887511,-0.17821743439894094
41.19780503179641,-0.17783609139807027
41.22989748183408,-0.17903406969794278
41.261991326944134,-0.17052031461796005
41.29408656508581,-0.1659433416498646
41.32618319422154,-0.1685308982866115
41.35828121231696,-0.167902384153189
41.39038061734089,-0.18665065570724376
41.42248140726533,-0.1818648284262334
41.45458358006546,-0.17094303962768778
41.48668713371963,-0.16687784762653957
41.518792066209336,-0.16606091652915056
41.55089837551926,-0.1633697891674279
41.583006059637206,-0.16275914624523083
41.61511511655412,-0.1586915504103618
41.6472255442641,-0.16404271245842217
41.679337340764356,-0.16538648562697741
41.71145050405523,-0.16727045964782444
41.743565032140154,-0.16875569205587407
41.7756809230257,-0.16202236844650644
41.80779817472153,-0.16019309889322428
41.83991678524038,-0.15710449626208509
41.8720367525981,-0.15537471296088334
41.90415807481361,-0.15466375472188096
41.93628074990889,-0.15926211175235905
41.96840477590901,-0.15989943569136256
42.00053015084209,-0.15889557718492078
42.0326568727393,-0.16178235673600144
42.06478493963487,-0.16006587480211876
42.096914349566056,-0.1592822739518641
42.129045100573165,-0.16047974015330924
42.15672857645295,-0.16255120160139525
42.184422262705354,-0.16529880067082145
42.21212611818069,-0.16852661574527825
42.23984010190423,-0.17045127405929916
42.26756417307515,-0.1577776207194
42.29529829106555,-0.1547800244762687
42.32304241541939,-0.1445375824919212
42.35079650585148,-0.1482193400529903
42.37856052224647,-0.1502776064925737
42.40633442465784,-0.1480159689678928
42.434118173306935,-0.14708379285862905
42.46191172858191,-0.1571070840763707
42.48971505103681,-0.15937301023109332
42.51752810139054,-0.16228698667189895
42.54535084052595,-0.15878557011306052
42.573183229488805,-0.15617390453759405
42.601025229486886,-0.15408154342629826
42.62887680188899,-0.15467280098093092
42.65673790822404,-0.15587843709632565
42.68460851018007,-0.16009416866515158
42.712488569603366,-0.1758283117725516
42.740378048497476,-0.17209246079289753
42.76827690902236,-0.17132789824659775
42.7961851134934,-0.16694271483262116
42.82410262438054,-0.16692179265078116
42.85202940430736,-0.16539922732662696
42.87996541605021,-0.162073934683099
42.90791062253727,-0.16055816923216001
42.93586498684772,-0.16306297116854526
42.96382847221081,-0.16326347527163504
42.99180104200501,-0.15850614927024564
43.019782659757155,-0.16256428575266402
43.04777328914156,-0.1605618315619165
43.075772893979185,-0.15921125416338391
43.103781438236744,-0.15670058963810835
43.13179888602592,-0.15515479710258873
43.15982520160246,-0.17368229920557102
43.1878603493654,-0.1621826947589266
43.21590429385619,-0.15627599309186355
43.2439569997579,-0.15284709302312918
43.27201843189437,-0.1549719748960219
43.300088555229436,-0.15346526598419122
43.3281673348661,-0.14772934520841893
43.35625473604572,-0.15037344860378674
43.38435072414723,-0.14977745161058933
43.41245526468634,-0.15178111274417777
43.440568323314736,-0.149796793313828
43.468689865819314,-0.14981208569284624
43.49681985812141,-0.14942095287193866
43.52495826627601,-0.15335724742802406
43.55310505647097,-0.15982512075555397
43.58126019502629,-0.16434464366607282
43.60942364839333,-0.1703251546545025
43.63759538315407,-0.1652946346153689
43.66577536602035,-0.16501782045287014
43.69396356383312,-0.1681919229807543
43.72215994356175,-0.16916780262373232
43.75036447230322,-0.16492196661429429
43.778577117281436,-0.16299889268091247
43.806797845846525,-0.1630285174723715
43.835026625474065,-0.16375323175002823
43.86326342376439,-0.15876098352007922
43.891508208441884,-0.15720322193507846
43.91976094735428,-0.15490706484479627
43.94802160847194,-0.15281841341388822
43.976290159887164,-0.15151901743318494
44.00456656981349,-0.15096853841592187
44.03285080658504,-0.15211563303630796
44.06114283865576,-0.1502866243319735
44.089442634598825,-0.16777748271223691
44.117750163105896,-0.16899717812838588
44.14606539298649,-0.16331733736303045
44.17438829316728,-0.16269475776332618
44.202718832691474,-0.16336365078179702
44.23105698071808,-0.1572325026040242
44.25940270652133,-0.15374940403617246
44.28775597948999,-0.1522351134900657
44.3161167691267,-0.1520512279368499
44.34448504504737,-0.15413245343386364
44.37286077698049,0.0457419488219892
44.401243934766526,0.030353587772515882
44.42963448835729,0.005540630499001099
44.45803240781529,0.20113082529572107
44.48643766331312,0.19915447145242218
44.51485022513284,0.21182482222133545
44.543270063665354,0.21065590588084898
44.57169714940978,0.20780560317068678
44.600131452972875,0.20086620722735238
44.628572945068406,0.2306612925937327
44.65702159651656,0.22980730953915673
44.68547737824331,0.21002019594004795
44.71394026127988,0.19892091322252567
44.79188832247101,0.007319535372889429
44.870190056186814,0.011321122265706888
44.94885560707251,0.011976792493890309
45.02789538579583,0.012480102943532634
45.10732007978984,0.009579560641820304
45.18714066446898,0.004534616138261121
45.26736841494419,0.0031542137147801807
45.348014918264546,0.004729629848471246
45.4290920862145,0.013205389760618295
45.510612168697655,0.021105843543861684
45.59258776773993,0.025795759923602682
45.67503185214713,0.021130698074581462
45.757957772854034,0.02193082066385219
45.84137927900458,0.014838242492673931
45.92531053480539,0.011843370483680579
46.00976613719743,0.013476475381175374
46.094761134393785,0.014146414348514004
46.18031104533459,0.01772219245303024
46.266431880113636,0.022728660074648126
46.35314016143488,0.025917837977753364
46.44045294716109,0.02957929744434606
46.5283878540211,0.03164301374568641
46.616963082546754,0.021106310419175663
46.7061974433159,0.0167966419073953
46.796110384582725,0.033378003247061985
46.88672202138297,0.027866884608603343
46.97805316620775,0.020361286380292748
47.070125361346456,0.017121040502686508
47.162960913006714,0.015590519748949531
47.2565829273274,0.015555866937728568
47.351015348409426,0.01536218016614941
47.44628299849828,0.017095030788055226
47.54241162046288,0.01765761940507635
47.63942792272617,0.016757981999472604
47.73735962681515,0.010875536461683695
47.83623551771123,0.006753671543270236
47.936085497196146,0.011331884838463313
48.03694064040439,0.011980816963199373
48.13883325581027,0.009888074145746889
48.24179694889632,0.02574283093969647
48.345866689770325,0.035912300020366654
48.45107888502059,0.02738421795041321
48.557471454123515,0.026145929005224344
48.66508391074448,0.024687347074904626
48.77395744930251,0.021255430602099976
48.88413503720157,0.014453050341148983
48.99566151316687,0.019439687059599926
49.10858369216388,0.018412428239463357
49.22295047742074,0.021907352232195497
49.33881298012254,0.02917594543093061
49.456224647398386,0.037149615040672185
49.575241399280166,0.03957938848854496
49.695921775376455,0.0432894326407302
49.818327092075975,0.046834303470591726
49.785185548882936,0.03962680089543598
49.72843791876462,0.03677243552667882
49.66976298883206,0.03763771247931176
49.60908651976831,0.04023046167113827
49.546330516961305,0.041970530655103075
49.481412987921594,0.04320075381419858
49.41424768068496,0.07076769865141422
49.34474380143721,0.08919385302692835
49.27280570940894,0.13185672112950128
49.19833258687585,0.2566598548569464
49.23298432668129,0.431777144099075
49.26763606648673,0.5413208998895269
49.30228780629217,0.5340747892867339
49.33693954609761,0.4540543535616299
49.37159128590305,0.4204686445373275
49.40624302570849,0.45849349320916893
49.44089476551393,0.43087983101241667
49.47554650531937,0.39523447982824617
49.51019824512481,0.350525963365119
49.54484998493025,0.32730924887027524
49.57950172473569,0.29834331689174726
49.61415346454113,0.2836784125481057
49.64880520434657,0.2579912787366697
49.68345694415201,0.24011496726043283
49.71810868395745,0.22667637762496423
49.75276042376289,0.2114872208214412
49.787412163568334,0.1655325075610399
49.822063903373774,0.07657917210810004
49.856715643179214,0.06484669894410035
49.891367382984654,0.0760576533743828
49.926019122790095,0.08488692303907132
49.960670862595535,0.10571654074581138
49.995322602400975,0.12473715312004117
50.029974342206415,0.14322314094032207
50.064626082011856,0.16071809925901642
50.099277821817296,0.17572671704269902
50.133929561622736,0.18922647645360033
50.168581301428176,0.20290572379429336
50.20323304123362,0.21502733919032568
50.23788478103906,0.22692351523835436
50.2725365208445,0.23985303737434407
50.30718826064994,0.2543924913737993
50.34184000045538,0.26661579470937424
50.37649174026082,0.2623936917838872
50.41114348006626,0.22255588270809595
50.4457952198717,0.20429015553986618
50.48044695967714,0.19204921270927816
50.51509869948258,0.18266395911476746
50.54975043928802,0.17499233625621194
50.58440217909346,0.16847536236912267
50.6190539188989,0.16279395780227715
50.65370565870434,0.15774764853548953
50.68835739850978,0.1532018137725663
50.72300913831522,0.1490614866683578
50.75766087812066,0.1452570649307283
50.7923126179261,0.1417359507260618
50.82696435773154,0.13845738411650155
50.86161609753698,0.13538910612783972
50.89626783734242,0.1325051236305479
50.93091957714786,0.12978416577913382
50.9655713169533,0.12720858978726257
51.00022305675874,0.12476358754759224
51.03487479656418,0.12243659884785964
51.06952653636962,0.12021686976965415
51.10417827617506,0.11809511513221234
51.1388300159805,0.11606325681408786
51.17348175578594,0.11411421835632961
51.20813349559138,0.11224176186823039
51.24278523539682,0.1104403571610341
51.277436975202264,0.10870507573812366
51.312088715007704,0.1070315041721926
51.346740454813144,0.10541567271449377
51.381392194618584,0.10385399605325187
51.416043934424025,0.10234322376644776
51.450695674229465,0.10088039865891169
51.485347414034905,0.09946282146905472
51.519999153840345,0.09808802082967517
51.554650893645785,0.09675372756219165
51.589302633451226,0.09545785255125828
51.623954373256666,0.09419846763398376
51.658606113062106,0.09297378900171491
51.693257852867546,0.09178216273217839
51.72790959267299,0.09062205212347273
51.76256133247843,0.08949202657212325
51.79721307228387,0.08839075176265641
51.83186481208931,0.08731698099198106
51.86651655189475,0.08626954746756722
51.90116829170019,0.08524735744682903
51.93582003150563,0.08424938412791512
51.97047177131107,0.08327466215918769
52.00512351111651,0.08232228273111179
52.03977525092195,0.08139138914141208
52.07442699072739,0.08048117280720048
52.10907873053283,0.07959086966238327
52.14373047033827,0.07871975687115836
52.17838221014371,0.07786714987884122
52.21303394994915,0.07703239969091706
52.24768568975459,0.0762148904268261
52.28233742956003,0.0754140370564902
52.31698916936547,0.07462928335679862
52.35164090917091,0.07386010000973428
52.38629264897635,0.07310598288785373
52.42094438878179,0.07236645144763856
52.45559612858723,0.07164104727183868
52.49024786839267,0.07092933271582032
52.52489960819811,0.07023088966185684
52.55955134800355,0.06954531835615081
52.59420308780899,0.06887223635218491
52.62885482761443,0.06821127750454312
52.66350656741987,0.0675620910628703
52.69815830722531,0.06692434080706598
52.73281004703075,0.06629770425723236
52.76746178683619,0.06568187192555908
52.802113526641634,0.06507654663076586
52.836765266447074,0.06448144285369288
52.871417006252514,0.06389628612565955
52.906068746057954,0.06332081247349201
52.940720485863395,0.06275476788542894
52.975372225668835,0.06219790782024636
53.010023965474275,0.06164999673840207
53.044675705279715,0.06111080766789695
53.079327445085156,0.06058012179658162
53.113979184890596,0.060057728085919145
53.148630924696036,0.05954342290603336
53.183282664501476,0.059037009693520354
53.21793440430692,0.058538298638292345
53.25258614411236,0.058047106368795134
53.2872378839178,0.05756325566925128
53.32188962372324,0.0570865752127308
53.35654136352868,0.056616899301926094
53.39119310333412,0.056154067625586584
53.42584484313956,0.055697925032116534
53.460496582945,0.05524832130903724
53.49514832275044,0.05480511098587678
53.52980006255588,0.054368153125157116
53.56445180236132,0.053937311149500414
53.59910354216676,0.05351245266152734
53.6337552819722,0.05309344927572864
53.66840702177764,0.052680176462247444
53.70305876158308,0.052272513391337844
53.73771050138852,0.05187034279925012
53.77236224119396,0.05147355083870214
53.8070139809994,0.051082026961898785
53.84166572080484,0.05069566378488426
53.87631746061028,0.05031435697956034
53.91096920041572,0.04993800515338038
53.94562094022116,0.04956650974227018
53.9802726800266,0.04919977491672552
54.01492441983204,0.04883770747074634
54.04957615963748,0.04848021673826796
54.08422789944292,0.048127214497181416
54.11887963924836,0.04777861488643759
54.1535313790538,0.04743433432824535
54.18818311885924,0.047094291439415605
54.22283485866468,0.046758406963696486
54.25748659847012,0.046426603701183546
54.292138338275564,0.04609880643320905
54.326790078081004,0.045774941861796446
54.361441817886444,0.04545493854138706
54.396093557691884,0.04513872682191457
54.430745297497324,0.044826238792084055
54.465397037302765,0.04451740821648768
54.500048777108205,0.04421217048562591
54.534700516913645,0.043910462569271544
54.569352256719085,0.0436122229588905
54.604003996524526,0.04331739162291996
54.638655736329966,0.04302590996379419
54.673307476135406,0.04273772076717023
54.707959215940846,0.04245276817033977
54.74261095574629,0.04217099760696716
54.77726269555173,0.04189235578210039
54.81191443535717,0.04161679062508885
54.84656617516261,0.041344251255302854
54.88121791496805,0.04107468794954975
54.91586965477349,0.04080805210483466
54.95052139457893,0.04054429620755853
54.98517313438437,0.04028337380597844
55.01982487418981,0.040025239466923386
55.05447661399525,0.03976984876426371
55.08912835380069,0.03951715823579406
55.12378009360613,0.03926712536553271
55.15843183341157,0.03901970855183851
55.19308357321701,0.03877486708510815
55.22773531302245,0.038532561122363654
55.26238705282789,0.03829275166191965
55.29703879263333,0.03805540052284608
55.33169053243877,0.03782047032133928
55.36634227224421,0.03758792445188267
55.40099401204965,0.03735772706214965
55.43564575185509,0.037129843035859166
55.47029749166053,0.03690423797567634
55.50494923146597,0.03668087817511223
55.53960097127141,0.036459730614159136
55.57425271107685,0.03624076293127527
55.60890445088229,0.036023943409636675
55.64355619068773,0.03580924096026499
55.67820793049317,0.035596625108351446
55.71285967029861,0.0353860659733093
55.74751141010405,0.03517753425832923
55.78216314990949,0.03497100123523316
55.816814889714934,0.03476643872464106
55.851466629520374,0.03456381909192596
55.886118369325814,0.03436311522586831
55.920770109131254,0.03416430052836951
55.955421848936695,0.03396734890419578
55.990073588742135,0.03377223474759557
56.024725328547575,0.03357893292737651
56.059377068353015,0.033387418779875506
56.094028808158455,0.03319766809880449
56.128680547963896,0.033009657117254225
56.163332287769336,0.03282336250545946
56.197984027574776,0.03263876135599276
56.232635767380216,0.03245583117685182
56.26728750718566,0.03227454987669796
56.3019392469911,0.032094895764277306
56.33659098679654,0.03191684752897738
56.37124272660198,0.031740384240286613
56.40589446640742,0.031565485337826896
56.44054620621286,0.0313921306182618
56.4751979460183,0.031220300233228478
56.50984968582374,0.031049974676281452
56.54450142562918,0.030881134780851107
56.57915316543462,0.030713761705648168
56.61380490524006,0.030547836938936663
56.6484566450455,0.030383342274541213
56.68310838485094,0.030220259822431466
56.71776012465638,0.030058571991036162
56.75241186446182,0.029898261483720035
56.78706360426726,0.029739311295257195
56.8217153440727,0.02958170469890839
56.85636708387814,0.029425425249199465
56.89101882368358,0.029270456769017704
56.92567056348902,0.02911678334770914
56.96032230329446,0.02896438933289927
56.9949740430999,0.02881325932704052
57.02962578290534,0.0286633781839621
57.06427752271078,0.028514730997593156
57.09892926251622,0.02836730310323474
57.13358100232166,0.028221080071004746
57.1682327421271,0.028076047699287447
57.20288448193254,0.027932192008199106
57.23753622173798,0.027789499245588534
57.27218796154342,0.02764795586641381
57.30683970134886,0.027507548543460304
57.341491441154304,0.02736826415300104
57.376143180959744,0.027230089776125517
57.410794920765184,0.02709301269381332
57.445446660570624,0.026957020382013933
57.480098400376065,0.02682210050516324
57.514750140181505,0.026688240920674993
57.549401879986945,0.02655542966620414
57.584053619792385,0.026423654961017538
57.618705359597826,0.026292905202667655
57.653357099403266,0.026163168960539974
57.688008839208706,0.026034434974106777
57.722660579014146,0.0259066921543116
57.75731231881959,0.025779929572437556
57.79196405862503,0.0256541364599429
57.82661579843047,0.025529302209855373
57.86126753823591,0.025405416367226485
57.89591927804135,0.0252824686305354
57.93057101784679,0.025160448849975495
57.96522275765223,0.02503934701635477
57.99987449745767,0.024919153270333543
58.03452623726311,0.02479985789133554
58.06917797706855,0.02468145129741213
58.10382971687399,0.024563924045103946
58.13848145667943,0.024447266819933106
58.17313319648487,0.024331470444089426
58.20778493629031,0.024216525866923935
58.24243667609575,0.02410242416326915
58.27708841590119,0.023989156533317617
58.31174015570663,0.023876714300941765
58.34639189551207,0.023765088907334447
58.38104363531751,0.02365427191558225
58.41569537512295,0.023544255001183446
58.45034711492839,0.023435029955072552
58.48499885473383,0.02332658868194829
58.51965059453927,0.023218923193932345
58.55430233434471,0.02311202561046831
58.58895407415015,0.023005888162910448
58.62360581395559,0.02290050317881812
58.65825755376103,0.022795863097476558
58.69290929356647,0.022691960452633483
58.72756103337191,0.02258878788022232
58.76221277317735,0.0224863381120298
58.79686451298279,0.022384603978733538
58.831516252788234,0.022283578403580778
58.866167992593674,0.02218325440075132
58.900819732399114,0.02208362507839625
58.935471472204554,0.021984683635443494
58.970123212009995,0.021886423356843182
59.004774951815435,0.021788837613501286
59.039426691620875,0.021691919865318376
59.074078431426315,0.021595663653330592
59.108730171231755,0.021500062602758673
59.143381911037196,0.021405110418264327
59.178033650842636,0.021310800888560827
59.212685390648076,0.021217127876999937
59.247337130453516,0.02112408532618309
59.28198887025896,0.021031667254787167
59.3166406100644,0.02093986775750246
59.35129234986984,0.02084868100030062
59.38594408967528,0.020758101226611477
59.42059582948072,0.020668122744802234
59.45524756928616,0.02057873994058796
59.4898993090916,0.020489947262958007
59.52455104889704,0.02040173923502721
59.55920278870248,0.020314110441524917
59.59385452850792,0.020227055538090954
59.62850626831336,0.02014056924188149
59.6631580081188,0.020054646336194238
59.69780974792424,0.01996928166886479
59.73246148772968,0.019884470144436523
59.76711322753512,0.019800206736568626
59.80176496734056,0.019716486473985224
59.836416707146,0.019633304443542172
59.87106844695144,0.01955065579641646
59.90572018675688,0.019468535737163208
59.94037192656232,0.019386939528350987
59.97502366636776,0.019305862487406983
60.0096754061732,0.019225299989691153
60.04432714597864,0.019145247462233804
60.07897888578408,0.019065700385257574
60.11363062558952,0.018986654293693915
60.14828236539496,0.018908104774037912
60.1829341052004,0.018830047462756058
60.21758584500584,0.018752478049366056
60.25223758481128,0.018675392268626526
60.28688932461672,0.018598785908277467
60.32154106442216,0.01852265480434506
60.356192804227604,0.01844699483644719
60.390844544033044,0.018371801935533328
60.425496283838484,0.018297072077638723
60.460148023643924,0.018222801282297363
60.494799763449365,0.01814898561717847
60.529451503254805,0.01807562119184098
60.564103243060245,0.018002704159257126
60.598754982865685,0.01793023071734423
60.633406722671126,0.01785819710426967
60.668058462476566,0.017786599604646486
60.702710202282006,0.01771543453862668
60.737361942087446,0.017644698269645268
60.772013681892886,0.017574387201289714
60.80666542169833,0.017504497777275783
60.84131716150377,0.017435026478313374
60.87596890130921,0.017365969826749077
60.91062064111465,0.01729732438187864
60.94527238092009,0.017229086736818864
60.97992412072553,0.01716125352470122
61.01457586053097,0.017093821418646092
61.04922760033641,0.017026787119320638
61.08387934014185,0.016960147370447164
61.11853107994729,0.016893898947909835
61.15318281975273,0.01682803865973864
61.18783455955817,0.016762563352299364
61.22248629936361,0.016697469902508328
61.25713803916905,0.016632755222475377
61.29178977897449,0.01656841625637753
61.32644151877993,0.016504449977338076
61.36109325858537,0.016440853396722712
61.39574499839081,0.016377623550148657
61.43039673819625,0.01631475751299346
61.46504847800169,0.01625225238174898
61.49970021780713,0.01619010528952962
61.53435195761257,0.0161283133967399
61.56900369741801,0.016066873894164994
61.60365543722345,0.016005784001404056
61.63830717702889,0.01594504096684999
61.67295891683433,0.015884642066131025
61.70761065663977,0.015824584603638052
61.74226239644521,0.015764865910966496
61.77691413625065,0.01570548334844827
61.81156587605609,0.015646434302039575
61.84621761586153,0.01558771618485242
61.880869355666974,0.015529326432493551
61.915521095472414,0.015471262512356374
61.950172835277854,0.015413521915847682
61.984824575083294,0.01535610215528067
62.019476314888735,0.015299000771612914
62.054128054694175,0.015242215331330557
62.088779794499615,0.015185743423338142
62.123431534305055,0.015129582660495189
62.158083274110496,0.015073730678057345
62.192735013915936,0.015018185138310276
62.227386753721376,0.014962943724362755
62.262038493526816,0.0149080041432314
62.29669023333226,0.01485336412118307
62.3313419731377,0.014799021409922971
62.36599371294314,0.014744973783484626
62.40064545274858,0.014691219036665386
62.43529719255402,0.014637754985023982
62.46994893235946,0.014584579466413625
62.5046006721649,0.014531690337875741
62.53925241197034,0.014479085480279203
62.57390415177578,0.014426762790561813
62.60855589158122,0.014374720191019185
62.64320763138666,0.014322955619996199
62.6778593711921,0.014271467036531439
62.71251111099754,0.014220252418793001
62.74716285080298,0.01416930976717305
62.78181459060842,0.014118637096530167
62.81646633041386,0.014068232443926324
62.8511180702193,0.01401809386242794
62.88576981002474,0.01396821942573441
62.92042154983018,0.013918607223534534
62.95507328963562,0.013869255367685079
62.98972502944106,0.013820161981367976
63.0243767692465,0.013771325209919088
63.05902850905194,0.013722743216177717
63.09368024885738,0.013674414175830582
63.12833198866282,0.013626336285151546
63.16298372846826,0.013578507757894046
63.1976354682737,0.013530926820637543
63.23228720807914,0.013483591717432103
63.26693894788458,0.0134365007128798
63.30159068769002,0.013389652081296395
63.33624242749546,0.013343044115992103
63.370894167300904,0.013296675124621243
63.405545907106344,0.013250543433817407
63.440197646911784,0.013204647378354138
63.474849386717224,0.013158985315070714
63.509501126522665,0.013113555613574891
63.544152866328105,0.013068356656241606
63.578804606133545,0.013023386839751426
63.613456345938985,0.012978644579730943
63.648108085744425,0.01293412830300351
63.682759825549866,0.012889836449137543
63.717411565355306,0.012845767471987126
63.752063305160746,0.01280191984277618
63.786715044966186,0.012758292043910784
63.82136678477163,0.012714882568968761
63.85601852457707,0.012671689928886924
63.89067026438251,0.01262871264576602
63.92532200418795,0.012585949254409494
63.95997374399339,0.012543398302325929
63.99462548379883,0.012501058352810023
64.02927722360427,0.012458927977210824
64.06392896340971,0.01241700576110869
64.09858070321515,0.01237529030585708
64.13323244302059,0.012333780219305533
64.16788418282603,0.01229247412661124
64.20253592263147,0.012251370659414751
64.23718766243691,0.012210468466662095
64.27183940224235,0.012169766205317937
64.30649114204779,0.012129262545001337
64.34114288185323,0.01208895616643804
64.37579462165867,0.01204884576300023
64.41044636146411,0.012008930037609666
64.44509810126955,0.011969207704281922
64.47974984107499,0.011929677491212265
64.51440158088043,0.011890338131498063
64.54905332068587,0.011851188373954692
64.58370506049131,0.011812226976928452
64.61835680029675,0.011773452708296845
64.65300854010219,0.011734864347002423
64.68766027990763,0.011696460681510699
64.72231201971307,0.011658240509805242
64.75696375951851,0.01162020264401808
64.79161549932395,0.011582345901155873
64.8262672391294,0.011544669110824295
64.86091897893483,0.01150717111212871
64.89557071874027,0.011469850752134263
64.93022245854571,0.01143270689049095
64.96487419835115,0.01139573839479785
64.9995259381566,0.011358944142143753
65.03417767796203,0.0113223230160168
65.06882941776747,0.011285873915568918
65.10348115757292,0.011249595741708822
65.13813289737836,0.01121348740945885
65.1727846371838,0.011177547841770323
65.20743637698924,0.011141775967979597
65.24208811679468,0.01110617072998286
65.27673985660012,0.01107073107296157
65.31139159640556,0.011035455957743771
65.346043336211,0.011000344346892895
65.38069507601644,0.01096539521552194
65.41534681582188,0.010930607545109853
65.44999855562732,0.010895980326591172
65.48465029543276,0.010861512557260304
65.5193020352382,0.010827203245405275
65.55395377504364,0.010793051404126558
65.58860551484908,0.010759056055967348
65.62325725465452,0.010725216229824934
65.65790899445996,0.010691530965576622
65.6925607342654,0.010657999307905808
65.72721247407084,0.010624620310928637
65.76186421387628,0.01059139303201384
65.79651595368172,0.010558316542595335
65.83116769348716,0.010525389915810326
65.8658194332926,0.010492612235766932
65.90047117309804,0.01045998259136071
65.93512291290348,0.010427500079366752
65.96977465270892,0.010395163804431303
66.00442639251436,0.010362972879075656
66.0390781323198,0.010330926417511245
66.07372987212524,0.01029902354799704
66.10838161193068,0.010267263402025373
66.14303335173612,0.010235645115862427
66.17768509154156,0.010204167836726641
66.212336831347,0.010172830715064902
66.24698857115244,0.010141632909181658
66.28164031095788,0.010110573583693081
66.31629205076332,0.010079651911072178
66.35094379056876,0.010048867067011153
66.3855955303742,0.010018218238143042
66.42024727017964,0.009987704611228705
66.45489900998508,0.0099573253839668
66.48955074979052,0.009927079760355275
66.52420248959596,0.009896966946064862
66.5588542294014,0.009866986157691516
66.59350596920684,0.009837136613502093
66.62815770901229,0.009807417541143707
66.66280944881773,0.009777828174556545
66.69746118862317,0.009748367747801818
66.7321129284286,0.009719035507403545
66.76676466823405,0.009689830703089618
66.80141640803949,0.009660752587785862
66.83606814784493,0.009631800422252675
66.87071988765037,0.009602973473530368
66.9053716274558,0.009574271014945535
66.94002336726125,0.009545692319933784
66.97467510706669,0.009517236672839468
67.00932684687213,0.009488903361200392
67.04397858667757,0.009460691677289749
67.07863032648301,0.00943260092119838
67.11328206628845,0.009404630394665622
67.14793380609389,0.009376779405701183
67.18258554589933,0.009349047270131985
67.21723728570477,0.009321433303886316
67.25188902551021,0.00929393683224394
67.28654076531565,0.009266557185213213
67.32119250512109,0.009239293692896187
67.35584424492653,0.009212145696292227
67.39049598473197,0.009185112538035885
67.42514772453741,0.009158193565480189
67.45979946434285,0.00913138813224434
67.49445120414829,0.009104695593577811
67.52910294395373,0.009078115315620892
67.56375468375917,0.009051646659972375
67.59840642356461,0.009025289002200806
67.63305816337005,0.008999041714879799
67.66770990317549,0.008972904181462349
67.70236164298093,0.008946875782403049
67.73701338278637,0.008920955910579977
67.77166512259181,0.008895143957409096
67.80631686239725,0.00886943932210132
67.8409686022027,0.008843841403950552
67.87562034200813,0.008818349613122861
67.91027208181357,0.008792963356780701
67.94492382161901,0.0087676820514182
67.97957556142445,0.008742505115149785
68.0142273012299,0.00871743197233206
68.04887904103533,0.008692462048942499
68.08353078084077,0.00866759477411604
68.11818252064622,0.008642829586314224
68.15283426045166,0.008618165922529541
68.1874860002571,0.008593603227535987
68.22213774006254,0.008569140946180573
68.25678947986798,0.00854477852954844
68.29144121967342,0.008520515431878135
