{
    "flow": {
        "freestream_velocity": [1452.12, 0.0, 0.0],
        "gamma": 1.4,
        "freestream_mach_number": 1.5
    },
    "geometry": {
        "file": "studies/GoSwift/meshes/pod_vsp_bump.stl",
        "spanwise_axis": "+y",
        "wake_model": {
            "wake_present": false
        },
        "reference": {
            "area": 15
        }
    },

    "solver": {

        "formulation": "neumann-mass-flux",
        "run_checks": true,
        "control_point_offset": 1.1e-8

    },
    "post_processing": {
        "pressure_rules":{
            "incompressible": false,
            "isentropic": true
        }
    },
    "output": {
        "body_file": "studies/GoSwift/results/pod_vsp_bump.vtk",
        "report_file": "studies/Goswift/results/sears_haack_9800.json",
        "offbody_points" : {
            "points_file" : "studies/Goswift/off_body/off_body.csv",
            "output_file" : "studies/Goswift/results/off_body_sample.csv"
        }
    }
}