"x,","y,",z
0.0,13.000000000000025,-402.46678161621094
0.703914239931122,13.000000000000025,-402.46678161621094
1.407828479862244,13.000000000000025,-402.46678161621094
2.111742719793366,13.000000000000025,-402.46678161621094
2.815656959724488,13.000000000000025,-402.46678161621094
3.5195711996556103,13.000000000000025,-402.46678161621094
4.2234854395867325,13.000000000000025,-402.46678161621094
4.927399679517855,13.000000000000025,-402.46678161621094
5.631313919448977,13.000000000000025,-402.46678161621094
6.335228159380099,13.000000000000025,-402.46678161621094
7.039142399311221,13.000000000000025,-402.46678161621094
7.743056639242344,13.000000000000025,-402.46678161621094
8.446970879173465,13.000000000000025,-402.46678161621094
9.150885119104586,13.000000000000025,-402.46678161621094
9.854799359035708,13.000000000000025,-402.46678161621094
10.558713598966829,13.000000000000025,-402.46678161621094
11.26262783889795,13.000000000000025,-402.46678161621094
11.966542078829072,13.000000000000025,-402.46678161621094
12.670456318760193,13.000000000000025,-402.46678161621094
13.374370558691314,13.000000000000025,-402.46678161621094
14.078284798622436,13.000000000000025,-402.46678161621094
14.782199038553557,13.000000000000025,-402.46678161621094
15.486113278484678,13.000000000000025,-402.46678161621094
16.1900275184158,13.000000000000025,-402.46678161621094
16.893941758346923,13.000000000000025,-402.46678161621094
17.597855998278046,13.000000000000025,-402.46678161621094
18.30177023820917,13.000000000000025,-402.46678161621094
19.005684478140292,13.000000000000025,-402.46678161621094
19.709598718071415,13.000000000000025,-402.46678161621094
20.41351295800254,13.000000000000025,-402.46678161621094
21.11742719793366,13.000000000000025,-402.46678161621094
21.821341437864785,13.000000000000025,-402.46678161621094
22.525255677795908,13.000000000000025,-402.46678161621094
23.22916991772703,13.000000000000025,-402.46678161621094
23.933084157658154,13.000000000000025,-402.46678161621094
24.636998397589277,13.000000000000025,-402.46678161621094
25.3409126375204,13.000000000000025,-402.46678161621094
26.044826877451523,13.000000000000025,-402.46678161621094
26.748741117382647,13.000000000000025,-402.46678161621094
27.45265535731377,13.000000000000025,-402.46678161621094
28.156569597244893,13.000000000000025,-402.46678161621094
28.860483837176016,13.000000000000025,-402.46678161621094
29.56439807710714,13.000000000000025,-402.46678161621094
30.268312317038262,13.000000000000025,-402.46678161621094
30.972226556969385,13.000000000000025,-402.46678161621094
31.67614079690051,13.000000000000025,-402.46678161621094
32.38005503683163,13.000000000000025,-402.46678161621094
33.08396927676275,13.000000000000025,-402.46678161621094
33.787883516693874,13.000000000000025,-402.46678161621094
34.491797756625,13.000000000000025,-402.46678161621094
35.19571199655612,13.000000000000025,-402.46678161621094
35.899626236487244,13.000000000000025,-402.46678161621094
36.60354047641837,13.000000000000025,-402.46678161621094
37.30745471634949,13.000000000000025,-402.46678161621094
38.01136895628061,13.000000000000025,-402.46678161621094
38.715283196211736,13.000000000000025,-402.46678161621094
39.41919743614286,13.000000000000025,-402.46678161621094
40.12311167607398,13.000000000000025,-402.46678161621094
40.827025916005105,13.000000000000025,-402.46678161621094
41.53094015593623,13.000000000000025,-402.46678161621094
42.23485439586735,13.000000000000025,-402.46678161621094
42.938768635798475,13.000000000000025,-402.46678161621094
43.6426828757296,13.000000000000025,-402.46678161621094
44.34659711566072,13.000000000000025,-402.46678161621094
45.050511355591844,13.000000000000025,-402.46678161621094
45.75442559552297,13.000000000000025,-402.46678161621094
46.45833983545409,13.000000000000025,-402.46678161621094
47.16225407538521,13.000000000000025,-402.46678161621094
47.86616831531634,13.000000000000025,-402.46678161621094
48.57008255524746,13.000000000000025,-402.46678161621094
49.27399679517858,13.000000000000025,-402.46678161621094
49.977911035109706,13.000000000000025,-402.46678161621094
50.68182527504083,13.000000000000025,-402.46678161621094
51.38573951497195,13.000000000000025,-402.46678161621094
52.089653754903075,13.000000000000025,-402.46678161621094
52.7935679948342,13.000000000000025,-402.46678161621094
53.49748223476532,13.000000000000025,-402.46678161621094
54.201396474696445,13.000000000000025,-402.46678161621094
54.90531071462757,13.000000000000025,-402.46678161621094
55.60922495455869,13.000000000000025,-402.46678161621094
56.313139194489814,13.000000000000025,-402.46678161621094
57.01705343442094,13.000000000000025,-402.46678161621094
57.72096767435206,13.000000000000025,-402.46678161621094
58.42488191428318,13.000000000000025,-402.46678161621094
59.12879615421431,13.000000000000025,-402.46678161621094
59.83271039414543,13.000000000000025,-402.46678161621094
60.53662463407655,13.000000000000025,-402.46678161621094
61.240538874007676,13.000000000000025,-402.46678161621094
61.9444531139388,13.000000000000025,-402.46678161621094
62.64836735386992,13.000000000000025,-402.46678161621094
63.352281593801045,13.000000000000025,-402.46678161621094
64.05619583373216,13.000000000000025,-402.46678161621094
64.76011007366328,13.000000000000025,-402.46678161621094
65.46402431359441,13.000000000000025,-402.46678161621094
66.16793855352553,13.000000000000025,-402.46678161621094
66.87185279345665,13.000000000000025,-402.46678161621094
67.57576703338778,13.000000000000025,-402.46678161621094
68.2796812733189,13.000000000000025,-402.46678161621094
68.98359551325002,13.000000000000025,-402.46678161621094
69.68750975318115,13.000000000000025,-402.46678161621094
70.39142399311227,13.000000000000025,-402.46678161621094
71.09533823304339,13.000000000000025,-402.46678161621094
71.79925247297452,13.000000000000025,-402.46678161621094
72.50316671290564,13.000000000000025,-402.46678161621094
73.20708095283676,13.000000000000025,-402.46678161621094
73.91099519276788,13.000000000000025,-402.46678161621094
74.61490943269901,13.000000000000025,-402.46678161621094
75.31882367263013,13.000000000000025,-402.46678161621094
76.02273791256125,13.000000000000025,-402.46678161621094
76.72665215249238,13.000000000000025,-402.46678161621094
77.4305663924235,13.000000000000025,-402.46678161621094
78.13448063235462,13.000000000000025,-402.46678161621094
78.83839487228575,13.000000000000025,-402.46678161621094
79.54230911221687,13.000000000000025,-402.46678161621094
80.246223352148,13.000000000000025,-402.46678161621094
80.95013759207912,13.000000000000025,-402.46678161621094
81.65405183201024,13.000000000000025,-402.46678161621094
82.35796607194136,13.000000000000025,-402.46678161621094
83.06188031187249,13.000000000000025,-402.46678161621094
83.76579455180361,13.000000000000025,-402.46678161621094
84.46970879173473,13.000000000000025,-402.46678161621094
85.17362303166585,13.000000000000025,-402.46678161621094
85.87753727159698,13.000000000000025,-402.46678161621094
86.5814515115281,13.000000000000025,-402.46678161621094
87.28536575145922,13.000000000000025,-402.46678161621094
87.98927999139035,13.000000000000025,-402.46678161621094
88.69319423132147,13.000000000000025,-402.46678161621094
89.3971084712526,13.000000000000025,-402.46678161621094
90.10102271118372,13.000000000000025,-402.46678161621094
90.80493695111484,13.000000000000025,-402.46678161621094
91.50885119104596,13.000000000000025,-402.46678161621094
92.21276543097709,13.000000000000025,-402.46678161621094
92.91667967090821,13.000000000000025,-402.46678161621094
93.62059391083933,13.000000000000025,-402.46678161621094
94.32450815077046,13.000000000000025,-402.46678161621094
95.02842239070158,13.000000000000025,-402.46678161621094
95.7323366306327,13.000000000000025,-402.46678161621094
96.43625087056382,13.000000000000025,-402.46678161621094
97.14016511049495,13.000000000000025,-402.46678161621094
97.84407935042607,13.000000000000025,-402.46678161621094
98.5479935903572,13.000000000000025,-402.46678161621094
99.25190783028832,13.000000000000025,-402.46678161621094
99.95582207021944,13.000000000000025,-402.46678161621094
100.65973631015056,13.000000000000025,-402.46678161621094
101.36365055008169,13.000000000000025,-402.46678161621094
102.06756479001281,13.000000000000025,-402.46678161621094
102.77147902994393,13.000000000000025,-402.46678161621094
103.47539326987506,13.000000000000025,-402.46678161621094
104.17930750980618,13.000000000000025,-402.46678161621094
104.8832217497373,13.000000000000025,-402.46678161621094
105.58713598966843,13.000000000000025,-402.46678161621094
106.29105022959955,13.000000000000025,-402.46678161621094
106.99496446953067,13.000000000000025,-402.46678161621094
107.6988787094618,13.000000000000025,-402.46678161621094
108.40279294939292,13.000000000000025,-402.46678161621094
109.10670718932404,13.000000000000025,-402.46678161621094
109.81062142925516,13.000000000000025,-402.46678161621094
110.51453566918629,13.000000000000025,-402.46678161621094
111.21844990911741,13.000000000000025,-402.46678161621094
111.92236414904853,13.000000000000025,-402.46678161621094
112.62627838897966,13.000000000000025,-402.46678161621094
113.33019262891078,13.000000000000025,-402.46678161621094
114.0341068688419,13.000000000000025,-402.46678161621094
114.73802110877303,13.000000000000025,-402.46678161621094
115.44193534870415,13.000000000000025,-402.46678161621094
116.14584958863527,13.000000000000025,-402.46678161621094
116.8497638285664,13.000000000000025,-402.46678161621094
117.55367806849752,13.000000000000025,-402.46678161621094
118.25759230842864,13.000000000000025,-402.46678161621094
118.96150654835976,13.000000000000025,-402.46678161621094
119.66542078829089,13.000000000000025,-402.46678161621094
120.36933502822201,13.000000000000025,-402.46678161621094
121.07324926815313,13.000000000000025,-402.46678161621094
121.77716350808426,13.000000000000025,-402.46678161621094
122.48107774801538,13.000000000000025,-402.46678161621094
123.1849919879465,13.000000000000025,-402.46678161621094
123.88890622787763,13.000000000000025,-402.46678161621094
124.59282046780875,13.000000000000025,-402.46678161621094
125.29673470773987,13.000000000000025,-402.46678161621094
126.000648947671,13.000000000000025,-402.46678161621094
126.70456318760212,13.000000000000025,-402.46678161621094
127.40847742753324,13.000000000000025,-402.46678161621094
128.11239166746435,13.000000000000025,-402.46678161621094
128.81630590739547,13.000000000000025,-402.46678161621094
129.5202201473266,13.000000000000025,-402.46678161621094
130.22413438725772,13.000000000000025,-402.46678161621094
130.92804862718884,13.000000000000025,-402.46678161621094
131.63196286711997,13.000000000000025,-402.46678161621094
132.3358771070511,13.000000000000025,-402.46678161621094
133.0397913469822,13.000000000000025,-402.46678161621094
133.74370558691334,13.000000000000025,-402.46678161621094
134.44761982684446,13.000000000000025,-402.46678161621094
135.15153406677558,13.000000000000025,-402.46678161621094
135.8554483067067,13.000000000000025,-402.46678161621094
136.55936254663783,13.000000000000025,-402.46678161621094
137.26327678656895,13.000000000000025,-402.46678161621094
137.96719102650007,13.000000000000025,-402.46678161621094
138.6711052664312,13.000000000000025,-402.46678161621094
139.37501950636232,13.000000000000025,-402.46678161621094
140.07893374629344,13.000000000000025,-402.46678161621094
140.78284798622457,13.000000000000025,-402.46678161621094
141.4867622261557,13.000000000000025,-402.46678161621094
142.1906764660868,13.000000000000025,-402.46678161621094
142.89459070601794,13.000000000000025,-402.46678161621094
143.59850494594906,13.000000000000025,-402.46678161621094
144.30241918588018,13.000000000000025,-402.46678161621094
145.0063334258113,13.000000000000025,-402.46678161621094
145.71024766574243,13.000000000000025,-402.46678161621094
146.41416190567355,13.000000000000025,-402.46678161621094
147.11807614560468,13.000000000000025,-402.46678161621094
147.8219903855358,13.000000000000025,-402.46678161621094
148.52590462546692,13.000000000000025,-402.46678161621094
149.22981886539804,13.000000000000025,-402.46678161621094
149.93373310532917,13.000000000000025,-402.46678161621094
150.6376473452603,13.000000000000025,-402.46678161621094
151.3415615851914,13.000000000000025,-402.46678161621094
152.04547582512254,13.000000000000025,-402.46678161621094
152.74939006505366,13.000000000000025,-402.46678161621094
153.45330430498478,13.000000000000025,-402.46678161621094
154.1572185449159,13.000000000000025,-402.46678161621094
154.86113278484703,13.000000000000025,-402.46678161621094
155.56504702477815,13.000000000000025,-402.46678161621094
156.26896126470928,13.000000000000025,-402.46678161621094
156.9728755046404,13.000000000000025,-402.46678161621094
157.67678974457152,13.000000000000025,-402.46678161621094
158.38070398450265,13.000000000000025,-402.46678161621094
159.08461822443377,13.000000000000025,-402.46678161621094
159.7885324643649,13.000000000000025,-402.46678161621094
160.49244670429601,13.000000000000025,-402.46678161621094
161.19636094422714,13.000000000000025,-402.46678161621094
161.90027518415826,13.000000000000025,-402.46678161621094
162.60418942408938,13.000000000000025,-402.46678161621094
163.3081036640205,13.000000000000025,-402.46678161621094
164.01201790395163,13.000000000000025,-402.46678161621094
164.71593214388275,13.000000000000025,-402.46678161621094
165.41984638381388,13.000000000000025,-402.46678161621094
166.123760623745,13.000000000000025,-402.46678161621094
166.82767486367612,13.000000000000025,-402.46678161621094
167.53158910360725,13.000000000000025,-402.46678161621094
168.23550334353837,13.000000000000025,-402.46678161621094
168.9394175834695,13.000000000000025,-402.46678161621094
169.64333182340062,13.000000000000025,-402.46678161621094
170.34724606333174,13.000000000000025,-402.46678161621094
171.05116030326286,13.000000000000025,-402.46678161621094
171.75507454319398,13.000000000000025,-402.46678161621094
172.4589887831251,13.000000000000025,-402.46678161621094
173.16290302305623,13.000000000000025,-402.46678161621094
173.86681726298735,13.000000000000025,-402.46678161621094
174.57073150291848,13.000000000000025,-402.46678161621094
175.2746457428496,13.000000000000025,-402.46678161621094
175.97855998278072,13.000000000000025,-402.46678161621094
176.68247422271185,13.000000000000025,-402.46678161621094
177.38638846264297,13.000000000000025,-402.46678161621094
178.0903027025741,13.000000000000025,-402.46678161621094
178.79421694250522,13.000000000000025,-402.46678161621094
179.49813118243634,13.000000000000025,-402.46678161621094
180.20204542236746,13.000000000000025,-402.46678161621094
180.90595966229859,13.000000000000025,-402.46678161621094
181.6098739022297,13.000000000000025,-402.46678161621094
182.31378814216083,13.000000000000025,-402.46678161621094
183.01770238209195,13.000000000000025,-402.46678161621094
183.72161662202308,13.000000000000025,-402.46678161621094
184.4255308619542,13.000000000000025,-402.46678161621094
185.12944510188532,13.000000000000025,-402.46678161621094
185.83335934181645,13.000000000000025,-402.46678161621094
186.53727358174757,13.000000000000025,-402.46678161621094
187.2411878216787,13.000000000000025,-402.46678161621094
187.94510206160982,13.000000000000025,-402.46678161621094
188.64901630154094,13.000000000000025,-402.46678161621094
189.35293054147206,13.000000000000025,-402.46678161621094
190.05684478140319,13.000000000000025,-402.46678161621094
190.7607590213343,13.000000000000025,-402.46678161621094
191.46467326126543,13.000000000000025,-402.46678161621094
192.16858750119655,13.000000000000025,-402.46678161621094
192.87250174112768,13.000000000000025,-402.46678161621094
193.5764159810588,13.000000000000025,-402.46678161621094
194.28033022098992,13.000000000000025,-402.46678161621094
194.98424446092105,13.000000000000025,-402.46678161621094
195.68815870085217,13.000000000000025,-402.46678161621094
196.3920729407833,13.000000000000025,-402.46678161621094
197.09598718071442,13.000000000000025,-402.46678161621094
197.79990142064554,13.000000000000025,-402.46678161621094
198.50381566057666,13.000000000000025,-402.46678161621094
199.2077299005078,13.000000000000025,-402.46678161621094
199.9116441404389,13.000000000000025,-402.46678161621094
200.61555838037003,13.000000000000025,-402.46678161621094
201.31947262030116,13.000000000000025,-402.46678161621094
202.02338686023228,13.000000000000025,-402.46678161621094
202.7273011001634,13.000000000000025,-402.46678161621094
203.43121534009452,13.000000000000025,-402.46678161621094
204.13512958002565,13.000000000000025,-402.46678161621094
204.83904381995677,13.000000000000025,-402.46678161621094
205.5429580598879,13.000000000000025,-402.46678161621094
206.24687229981902,13.000000000000025,-402.46678161621094
206.95078653975014,13.000000000000025,-402.46678161621094
207.65470077968126,13.000000000000025,-402.46678161621094
208.3586150196124,13.000000000000025,-402.46678161621094
209.0625292595435,13.000000000000025,-402.46678161621094
209.76644349947463,13.000000000000025,-402.46678161621094
210.47035773940576,13.000000000000025,-402.46678161621094
211.17427197933688,13.000000000000025,-402.46678161621094
211.878186219268,13.000000000000025,-402.46678161621094
212.58210045919913,13.000000000000025,-402.46678161621094
213.28601469913025,13.000000000000025,-402.46678161621094
213.98992893906137,13.000000000000025,-402.46678161621094
214.6938431789925,13.000000000000025,-402.46678161621094
215.39775741892362,13.000000000000025,-402.46678161621094
216.10167165885474,13.000000000000025,-402.46678161621094
216.80558589878586,13.000000000000025,-402.46678161621094
217.509500138717,13.000000000000025,-402.46678161621094
218.2134143786481,13.000000000000025,-402.46678161621094
218.91732861857923,13.000000000000025,-402.46678161621094
219.62124285851036,13.000000000000025,-402.46678161621094
220.32515709844148,13.000000000000025,-402.46678161621094
221.0290713383726,13.000000000000025,-402.46678161621094
221.73298557830373,13.000000000000025,-402.46678161621094
222.43689981823485,13.000000000000025,-402.46678161621094
223.14081405816597,13.000000000000025,-402.46678161621094
223.8447282980971,13.000000000000025,-402.46678161621094
224.54864253802822,13.000000000000025,-402.46678161621094
225.25255677795934,13.000000000000025,-402.46678161621094
225.95647101789046,13.000000000000025,-402.46678161621094
226.6603852578216,13.000000000000025,-402.46678161621094
227.3642994977527,13.000000000000025,-402.46678161621094
228.06821373768383,13.000000000000025,-402.46678161621094
228.77212797761496,13.000000000000025,-402.46678161621094
229.47604221754608,13.000000000000025,-402.46678161621094
230.1799564574772,13.000000000000025,-402.46678161621094
230.88387069740833,13.000000000000025,-402.46678161621094
231.58778493733945,13.000000000000025,-402.46678161621094
232.29169917727057,13.000000000000025,-402.46678161621094
232.9956134172017,13.000000000000025,-402.46678161621094
233.69952765713282,13.000000000000025,-402.46678161621094
234.40344189706394,13.000000000000025,-402.46678161621094
235.10735613699507,13.000000000000025,-402.46678161621094
235.8112703769262,13.000000000000025,-402.46678161621094
236.5151846168573,13.000000000000025,-402.46678161621094
237.21909885678843,13.000000000000025,-402.46678161621094
237.92301309671956,13.000000000000025,-402.46678161621094
238.62692733665068,13.000000000000025,-402.46678161621094
239.3308415765818,13.000000000000025,-402.46678161621094
240.03475581651293,13.000000000000025,-402.46678161621094
240.73867005644405,13.000000000000025,-402.46678161621094
241.44258429637517,13.000000000000025,-402.46678161621094
242.1464985363063,13.000000000000025,-402.46678161621094
242.85041277623742,13.000000000000025,-402.46678161621094
243.55432701616854,13.000000000000025,-402.46678161621094
244.25824125609967,13.000000000000025,-402.46678161621094
244.9621554960308,13.000000000000025,-402.46678161621094
245.6660697359619,13.000000000000025,-402.46678161621094
246.36998397589304,13.000000000000025,-402.46678161621094
247.07389821582416,13.000000000000025,-402.46678161621094
247.77781245575528,13.000000000000025,-402.46678161621094
248.4817266956864,13.000000000000025,-402.46678161621094
249.18564093561753,13.000000000000025,-402.46678161621094
249.88955517554865,13.000000000000025,-402.46678161621094
250.59346941547977,13.000000000000025,-402.46678161621094
251.2973836554109,13.000000000000025,-402.46678161621094
252.00129789534202,13.000000000000025,-402.46678161621094
252.70521213527314,13.000000000000025,-402.46678161621094
253.40912637520427,13.000000000000025,-402.46678161621094
254.1130406151354,13.000000000000025,-402.46678161621094
254.8169548550665,13.000000000000025,-402.46678161621094
255.52086909499764,13.000000000000025,-402.46678161621094
256.22478333492876,13.000000000000025,-402.46678161621094
256.9286975748599,13.000000000000025,-402.46678161621094
257.632611814791,13.000000000000025,-402.46678161621094
258.3365260547221,13.000000000000025,-402.46678161621094
259.04044029465325,13.000000000000025,-402.46678161621094
259.7443545345844,13.000000000000025,-402.46678161621094
260.4482687745155,13.000000000000025,-402.46678161621094
261.1521830144466,13.000000000000025,-402.46678161621094
261.85609725437774,13.000000000000025,-402.46678161621094
262.56001149430887,13.000000000000025,-402.46678161621094
263.26392573424,13.000000000000025,-402.46678161621094
263.9678399741711,13.000000000000025,-402.46678161621094
264.67175421410224,13.000000000000025,-402.46678161621094
265.37566845403336,13.000000000000025,-402.46678161621094
266.0795826939645,13.000000000000025,-402.46678161621094
266.7834969338956,13.000000000000025,-402.46678161621094
267.48741117382673,13.000000000000025,-402.46678161621094
268.19132541375785,13.000000000000025,-402.46678161621094
268.895239653689,13.000000000000025,-402.46678161621094
269.5991538936201,13.000000000000025,-402.46678161621094
270.3030681335512,13.000000000000025,-402.46678161621094
271.00698237348234,13.000000000000025,-402.46678161621094
271.71089661341347,13.000000000000025,-402.46678161621094
272.4148108533446,13.000000000000025,-402.46678161621094
273.1187250932757,13.000000000000025,-402.46678161621094
273.82263933320684,13.000000000000025,-402.46678161621094
274.52655357313796,13.000000000000025,-402.46678161621094
275.2304678130691,13.000000000000025,-402.46678161621094
275.9343820530002,13.000000000000025,-402.46678161621094
276.63829629293133,13.000000000000025,-402.46678161621094
277.34221053286245,13.000000000000025,-402.46678161621094
278.0461247727936,13.000000000000025,-402.46678161621094
278.7500390127247,13.000000000000025,-402.46678161621094
279.4539532526558,13.000000000000025,-402.46678161621094
280.15786749258694,13.000000000000025,-402.46678161621094
280.86178173251807,13.000000000000025,-402.46678161621094
281.5656959724492,13.000000000000025,-402.46678161621094
282.2696102123803,13.000000000000025,-402.46678161621094
282.97352445231144,13.000000000000025,-402.46678161621094
283.67743869224256,13.000000000000025,-402.46678161621094
284.3813529321737,13.000000000000025,-402.46678161621094
285.0852671721048,13.000000000000025,-402.46678161621094
285.78918141203593,13.000000000000025,-402.46678161621094
286.49309565196705,13.000000000000025,-402.46678161621094
287.1970098918982,13.000000000000025,-402.46678161621094
287.9009241318293,13.000000000000025,-402.46678161621094
288.6048383717604,13.000000000000025,-402.46678161621094
289.30875261169155,13.000000000000025,-402.46678161621094
290.01266685162267,13.000000000000025,-402.46678161621094
290.7165810915538,13.000000000000025,-402.46678161621094
291.4204953314849,13.000000000000025,-402.46678161621094
292.12440957141604,13.000000000000025,-402.46678161621094
292.82832381134716,13.000000000000025,-402.46678161621094
293.5322380512783,13.000000000000025,-402.46678161621094
294.2361522912094,13.000000000000025,-402.46678161621094
294.94006653114053,13.000000000000025,-402.46678161621094
295.64398077107165,13.000000000000025,-402.46678161621094
296.3478950110028,13.000000000000025,-402.46678161621094
297.0518092509339,13.000000000000025,-402.46678161621094
297.755723490865,13.000000000000025,-402.46678161621094
298.45963773079615,13.000000000000025,-402.46678161621094
299.16355197072727,13.000000000000025,-402.46678161621094
299.8674662106584,13.000000000000025,-402.46678161621094
300.5713804505895,13.000000000000025,-402.46678161621094
301.27529469052064,13.000000000000025,-402.46678161621094
301.97920893045176,13.000000000000025,-402.46678161621094
302.6831231703829,13.000000000000025,-402.46678161621094
303.387037410314,13.000000000000025,-402.46678161621094
304.09095165024513,13.000000000000025,-402.46678161621094
304.79486589017625,13.000000000000025,-402.46678161621094
305.4987801301074,13.000000000000025,-402.46678161621094
306.2026943700385,13.000000000000025,-402.46678161621094
306.9066086099696,13.000000000000025,-402.46678161621094
307.61052284990075,13.000000000000025,-402.46678161621094
308.31443708983187,13.000000000000025,-402.46678161621094
309.018351329763,13.000000000000025,-402.46678161621094
309.7222655696941,13.000000000000025,-402.46678161621094
310.42617980962524,13.000000000000025,-402.46678161621094
311.13009404955636,13.000000000000025,-402.46678161621094
311.8340082894875,13.000000000000025,-402.46678161621094
312.5379225294186,13.000000000000025,-402.46678161621094
313.24183676934973,13.000000000000025,-402.46678161621094
313.94575100928085,13.000000000000025,-402.46678161621094
314.649665249212,13.000000000000025,-402.46678161621094
315.3535794891431,13.000000000000025,-402.46678161621094
316.0574937290742,13.000000000000025,-402.46678161621094
316.76140796900535,13.000000000000025,-402.46678161621094
317.46532220893647,13.000000000000025,-402.46678161621094
318.1692364488676,13.000000000000025,-402.46678161621094
318.8731506887987,13.000000000000025,-402.46678161621094
319.57706492872984,13.000000000000025,-402.46678161621094
320.28097916866096,13.000000000000025,-402.46678161621094
320.9848934085921,13.000000000000025,-402.46678161621094
321.6888076485232,13.000000000000025,-402.46678161621094
322.39272188845433,13.000000000000025,-402.46678161621094
323.09663612838546,13.000000000000025,-402.46678161621094
323.8005503683166,13.000000000000025,-402.46678161621094
324.5044646082477,13.000000000000025,-402.46678161621094
325.2083788481788,13.000000000000025,-402.46678161621094
325.91229308810995,13.000000000000025,-402.46678161621094
326.61620732804107,13.000000000000025,-402.46678161621094
327.3201215679722,13.000000000000025,-402.46678161621094
328.0240358079033,13.000000000000025,-402.46678161621094
328.72795004783444,13.000000000000025,-402.46678161621094
329.43186428776556,13.000000000000025,-402.46678161621094
330.1357785276967,13.000000000000025,-402.46678161621094
330.8396927676278,13.000000000000025,-402.46678161621094
331.54360700755893,13.000000000000025,-402.46678161621094
332.24752124749006,13.000000000000025,-402.46678161621094
332.9514354874212,13.000000000000025,-402.46678161621094
333.6553497273523,13.000000000000025,-402.46678161621094
334.3592639672834,13.000000000000025,-402.46678161621094
335.06317820721455,13.000000000000025,-402.46678161621094
335.76709244714567,13.000000000000025,-402.46678161621094
336.4710066870768,13.000000000000025,-402.46678161621094
337.1749209270079,13.000000000000025,-402.46678161621094
337.87883516693904,13.000000000000025,-402.46678161621094
338.58274940687016,13.000000000000025,-402.46678161621094
339.2866636468013,13.000000000000025,-402.46678161621094
339.9905778867324,13.000000000000025,-402.46678161621094
340.69449212666353,13.000000000000025,-402.46678161621094
341.39840636659466,13.000000000000025,-402.46678161621094
342.1023206065258,13.000000000000025,-402.46678161621094
342.8062348464569,13.000000000000025,-402.46678161621094
343.510149086388,13.000000000000025,-402.46678161621094
344.21406332631915,13.000000000000025,-402.46678161621094
344.9179775662503,13.000000000000025,-402.46678161621094
345.6218918061814,13.000000000000025,-402.46678161621094
346.3258060461125,13.000000000000025,-402.46678161621094
347.02972028604364,13.000000000000025,-402.46678161621094
347.73363452597476,13.000000000000025,-402.46678161621094
348.4375487659059,13.000000000000025,-402.46678161621094
349.141463005837,13.000000000000025,-402.46678161621094
349.84537724576813,13.000000000000025,-402.46678161621094
350.54929148569926,13.000000000000025,-402.46678161621094
351.2532057256304,13.000000000000025,-402.46678161621094
351.9571199655615,13.000000000000025,-402.46678161621094
352.6610342054926,13.000000000000025,-402.46678161621094
353.36494844542375,13.000000000000025,-402.46678161621094
354.0688626853549,13.000000000000025,-402.46678161621094
354.772776925286,13.000000000000025,-402.46678161621094
355.4766911652171,13.000000000000025,-402.46678161621094
356.18060540514824,13.000000000000025,-402.46678161621094
356.88451964507937,13.000000000000025,-402.46678161621094
357.5884338850105,13.000000000000025,-402.46678161621094
358.2923481249416,13.000000000000025,-402.46678161621094
358.99626236487273,13.000000000000025,-402.46678161621094
359.70017660480386,13.000000000000025,-402.46678161621094
360.404090844735,13.000000000000025,-402.46678161621094
361.1080050846661,13.000000000000025,-402.46678161621094
361.8119193245972,13.000000000000025,-402.46678161621094
362.51583356452835,13.000000000000025,-402.46678161621094
363.2197478044595,13.000000000000025,-402.46678161621094
363.9236620443906,13.000000000000025,-402.46678161621094
364.6275762843217,13.000000000000025,-402.46678161621094
365.33149052425284,13.000000000000025,-402.46678161621094
366.03540476418397,13.000000000000025,-402.46678161621094
366.7393190041151,13.000000000000025,-402.46678161621094
367.4432332440462,13.000000000000025,-402.46678161621094
368.14714748397734,13.000000000000025,-402.46678161621094
368.85106172390846,13.000000000000025,-402.46678161621094
369.5549759638396,13.000000000000025,-402.46678161621094
370.2588902037707,13.000000000000025,-402.46678161621094
370.9628044437018,13.000000000000025,-402.46678161621094
371.66671868363295,13.000000000000025,-402.46678161621094
372.3706329235641,13.000000000000025,-402.46678161621094
373.0745471634952,13.000000000000025,-402.46678161621094
373.7784614034263,13.000000000000025,-402.46678161621094
374.48237564335744,13.000000000000025,-402.46678161621094
375.18628988328857,13.000000000000025,-402.46678161621094
375.8902041232197,13.000000000000025,-402.46678161621094
376.5941183631508,13.000000000000025,-402.46678161621094
377.29803260308194,13.000000000000025,-402.46678161621094
378.00194684301306,13.000000000000025,-402.46678161621094
378.7058610829442,13.000000000000025,-402.46678161621094
379.4097753228753,13.000000000000025,-402.46678161621094
380.1136895628064,13.000000000000025,-402.46678161621094
380.81760380273755,13.000000000000025,-402.46678161621094
381.5215180426687,13.000000000000025,-402.46678161621094
382.2254322825998,13.000000000000025,-402.46678161621094
382.9293465225309,13.000000000000025,-402.46678161621094
383.63326076246204,13.000000000000025,-402.46678161621094
384.33717500239317,13.000000000000025,-402.46678161621094
385.0410892423243,13.000000000000025,-402.46678161621094
385.7450034822554,13.000000000000025,-402.46678161621094
386.44891772218654,13.000000000000025,-402.46678161621094
387.15283196211766,13.000000000000025,-402.46678161621094
387.8567462020488,13.000000000000025,-402.46678161621094
388.5606604419799,13.000000000000025,-402.46678161621094
389.26457468191103,13.000000000000025,-402.46678161621094
389.96848892184215,13.000000000000025,-402.46678161621094
390.6724031617733,13.000000000000025,-402.46678161621094
391.3763174017044,13.000000000000025,-402.46678161621094
392.0802316416355,13.000000000000025,-402.46678161621094
392.78414588156664,13.000000000000025,-402.46678161621094
393.48806012149777,13.000000000000025,-402.46678161621094
394.1919743614289,13.000000000000025,-402.46678161621094
394.89588860136,13.000000000000025,-402.46678161621094
395.59980284129114,13.000000000000025,-402.46678161621094
396.30371708122226,13.000000000000025,-402.46678161621094
397.0076313211534,13.000000000000025,-402.46678161621094
397.7115455610845,13.000000000000025,-402.46678161621094
398.41545980101563,13.000000000000025,-402.46678161621094
399.11937404094675,13.000000000000025,-402.46678161621094
399.8232882808779,13.000000000000025,-402.46678161621094
400.527202520809,13.000000000000025,-402.46678161621094
401.2311167607401,13.000000000000025,-402.46678161621094
401.93503100067124,13.000000000000025,-402.46678161621094
402.63894524060237,13.000000000000025,-402.46678161621094
403.3428594805335,13.000000000000025,-402.46678161621094
404.0467737204646,13.000000000000025,-402.46678161621094
404.75068796039574,13.000000000000025,-402.46678161621094
405.45460220032686,13.000000000000025,-402.46678161621094
406.158516440258,13.000000000000025,-402.46678161621094
406.8624306801891,13.000000000000025,-402.46678161621094
407.56634492012023,13.000000000000025,-402.46678161621094
408.27025916005135,13.000000000000025,-402.46678161621094
408.9741733999825,13.000000000000025,-402.46678161621094
409.6780876399136,13.000000000000025,-402.46678161621094
410.3820018798447,13.000000000000025,-402.46678161621094
411.08591611977585,13.000000000000025,-402.46678161621094
411.78983035970697,13.000000000000025,-402.46678161621094
412.4937445996381,13.000000000000025,-402.46678161621094
413.1976588395692,13.000000000000025,-402.46678161621094
413.90157307950034,13.000000000000025,-402.46678161621094
414.60548731943146,13.000000000000025,-402.46678161621094
415.3094015593626,13.000000000000025,-402.46678161621094
416.0133157992937,13.000000000000025,-402.46678161621094
416.71723003922483,13.000000000000025,-402.46678161621094
417.42114427915595,13.000000000000025,-402.46678161621094
418.1250585190871,13.000000000000025,-402.46678161621094
418.8289727590182,13.000000000000025,-402.46678161621094
419.5328869989493,13.000000000000025,-402.46678161621094
420.23680123888045,13.000000000000025,-402.46678161621094
420.94071547881157,13.000000000000025,-402.46678161621094
421.6446297187427,13.000000000000025,-402.46678161621094
422.3485439586738,13.000000000000025,-402.46678161621094
423.05245819860494,13.000000000000025,-402.46678161621094
423.75637243853606,13.000000000000025,-402.46678161621094
424.4602866784672,13.000000000000025,-402.46678161621094
425.1642009183983,13.000000000000025,-402.46678161621094
425.86811515832943,13.000000000000025,-402.46678161621094
426.57202939826055,13.000000000000025,-402.46678161621094
427.2759436381917,13.000000000000025,-402.46678161621094
427.9798578781228,13.000000000000025,-402.46678161621094
428.6837721180539,13.000000000000025,-402.46678161621094
429.38768635798505,13.000000000000025,-402.46678161621094
430.09160059791617,13.000000000000025,-402.46678161621094
430.7955148378473,13.000000000000025,-402.46678161621094
431.4994290777784,13.000000000000025,-402.46678161621094
432.20334331770954,13.000000000000025,-402.46678161621094
432.90725755764066,13.000000000000025,-402.46678161621094
433.6111717975718,13.000000000000025,-402.46678161621094
434.3150860375029,13.000000000000025,-402.46678161621094
435.01900027743403,13.000000000000025,-402.46678161621094
435.72291451736515,13.000000000000025,-402.46678161621094
436.4268287572963,13.000000000000025,-402.46678161621094
437.1307429972274,13.000000000000025,-402.46678161621094
437.8346572371585,13.000000000000025,-402.46678161621094
438.53857147708965,13.000000000000025,-402.46678161621094
439.24248571702077,13.000000000000025,-402.46678161621094
439.9463999569519,13.000000000000025,-402.46678161621094
440.650314196883,13.000000000000025,-402.46678161621094
441.35422843681414,13.000000000000025,-402.46678161621094
442.05814267674526,13.000000000000025,-402.46678161621094
442.7620569166764,13.000000000000025,-402.46678161621094
443.4659711566075,13.000000000000025,-402.46678161621094
444.16988539653863,13.000000000000025,-402.46678161621094
444.87379963646976,13.000000000000025,-402.46678161621094
445.5777138764009,13.000000000000025,-402.46678161621094
446.281628116332,13.000000000000025,-402.46678161621094
446.9855423562631,13.000000000000025,-402.46678161621094
447.68945659619425,13.000000000000025,-402.46678161621094
448.39337083612537,13.000000000000025,-402.46678161621094
449.0972850760565,13.000000000000025,-402.46678161621094
449.8011993159876,13.000000000000025,-402.46678161621094
450.50511355591874,13.000000000000025,-402.46678161621094
451.20902779584986,13.000000000000025,-402.46678161621094
451.912942035781,13.000000000000025,-402.46678161621094
452.6168562757121,13.000000000000025,-402.46678161621094
453.32077051564323,13.000000000000025,-402.46678161621094
454.02468475557436,13.000000000000025,-402.46678161621094
454.7285989955055,13.000000000000025,-402.46678161621094
455.4325132354366,13.000000000000025,-402.46678161621094
456.1364274753677,13.000000000000025,-402.46678161621094
456.84034171529885,13.000000000000025,-402.46678161621094
457.54425595522997,13.000000000000025,-402.46678161621094
458.2481701951611,13.000000000000025,-402.46678161621094
458.9520844350922,13.000000000000025,-402.46678161621094
459.65599867502334,13.000000000000025,-402.46678161621094
460.35991291495446,13.000000000000025,-402.46678161621094
461.0638271548856,13.000000000000025,-402.46678161621094
461.7677413948167,13.000000000000025,-402.46678161621094
462.47165563474783,13.000000000000025,-402.46678161621094
463.17556987467896,13.000000000000025,-402.46678161621094
463.8794841146101,13.000000000000025,-402.46678161621094
464.5833983545412,13.000000000000025,-402.46678161621094
465.2873125944723,13.000000000000025,-402.46678161621094
465.99122683440345,13.000000000000025,-402.46678161621094
466.6951410743346,13.000000000000025,-402.46678161621094
467.3990553142657,13.000000000000025,-402.46678161621094
468.1029695541968,13.000000000000025,-402.46678161621094
468.80688379412794,13.000000000000025,-402.46678161621094
469.51079803405906,13.000000000000025,-402.46678161621094
470.2147122739902,13.000000000000025,-402.46678161621094
470.9186265139213,13.000000000000025,-402.46678161621094
471.62254075385243,13.000000000000025,-402.46678161621094
472.32645499378356,13.000000000000025,-402.46678161621094
473.0303692337147,13.000000000000025,-402.46678161621094
473.7342834736458,13.000000000000025,-402.46678161621094
474.4381977135769,13.000000000000025,-402.46678161621094
475.14211195350805,13.000000000000025,-402.46678161621094
475.8460261934392,13.000000000000025,-402.46678161621094
476.5499404333703,13.000000000000025,-402.46678161621094
477.2538546733014,13.000000000000025,-402.46678161621094
477.95776891323254,13.000000000000025,-402.46678161621094
478.66168315316366,13.000000000000025,-402.46678161621094
479.3655973930948,13.000000000000025,-402.46678161621094
480.0695116330259,13.000000000000025,-402.46678161621094
480.77342587295703,13.000000000000025,-402.46678161621094
481.47734011288816,13.000000000000025,-402.46678161621094
482.1812543528193,13.000000000000025,-402.46678161621094
482.8851685927504,13.000000000000025,-402.46678161621094
483.5890828326815,13.000000000000025,-402.46678161621094
484.29299707261265,13.000000000000025,-402.46678161621094
484.9969113125438,13.000000000000025,-402.46678161621094
485.7008255524749,13.000000000000025,-402.46678161621094
486.404739792406,13.000000000000025,-402.46678161621094
487.10865403233714,13.000000000000025,-402.46678161621094
487.81256827226827,13.000000000000025,-402.46678161621094
488.5164825121994,13.000000000000025,-402.46678161621094
489.2203967521305,13.000000000000025,-402.46678161621094
489.92431099206163,13.000000000000025,-402.46678161621094
490.62822523199276,13.000000000000025,-402.46678161621094
491.3321394719239,13.000000000000025,-402.46678161621094
492.036053711855,13.000000000000025,-402.46678161621094
492.7399679517861,13.000000000000025,-402.46678161621094
493.44388219171725,13.000000000000025,-402.46678161621094
494.1477964316484,13.000000000000025,-402.46678161621094
494.8517106715795,13.000000000000025,-402.46678161621094
495.5556249115106,13.000000000000025,-402.46678161621094
496.25953915144174,13.000000000000025,-402.46678161621094
496.96345339137287,13.000000000000025,-402.46678161621094
497.667367631304,13.000000000000025,-402.46678161621094
498.3712818712351,13.000000000000025,-402.46678161621094
499.07519611116624,13.000000000000025,-402.46678161621094
499.77911035109736,13.000000000000025,-402.46678161621094
500.4830245910285,13.000000000000025,-402.46678161621094
501.1869388309596,13.000000000000025,-402.46678161621094
501.8908530708907,13.000000000000025,-402.46678161621094
502.59476731082185,13.000000000000025,-402.46678161621094
503.298681550753,13.000000000000025,-402.46678161621094
504.0025957906841,13.000000000000025,-402.46678161621094
504.7065100306152,13.000000000000025,-402.46678161621094
505.41042427054634,13.000000000000025,-402.46678161621094
506.11433851047747,13.000000000000025,-402.46678161621094
506.8182527504086,13.000000000000025,-402.46678161621094
507.5221669903397,13.000000000000025,-402.46678161621094
508.22608123027084,13.000000000000025,-402.46678161621094
508.92999547020196,13.000000000000025,-402.46678161621094
509.6339097101331,13.000000000000025,-402.46678161621094
510.3378239500642,13.000000000000025,-402.46678161621094
511.0417381899953,13.000000000000025,-402.46678161621094
511.74565242992645,13.000000000000025,-402.46678161621094
512.4495666698575,13.000000000000025,-402.46678161621094
513.1534809097886,13.000000000000025,-402.46678161621094
513.8573951497198,13.000000000000025,-402.46678161621094
514.5613093896509,13.000000000000025,-402.46678161621094
515.265223629582,13.000000000000025,-402.46678161621094
515.9691378695131,13.000000000000025,-402.46678161621094
516.6730521094443,13.000000000000025,-402.46678161621094
517.3769663493754,13.000000000000025,-402.46678161621094
518.0808805893065,13.000000000000025,-402.46678161621094
518.7847948292376,13.000000000000025,-402.46678161621094
519.4887090691687,13.000000000000025,-402.46678161621094
520.1926233090999,13.000000000000025,-402.46678161621094
520.896537549031,13.000000000000025,-402.46678161621094
521.6004517889621,13.000000000000025,-402.46678161621094
522.3043660288932,13.000000000000025,-402.46678161621094
523.0082802688244,13.000000000000025,-402.46678161621094
523.7121945087555,13.000000000000025,-402.46678161621094
524.4161087486866,13.000000000000025,-402.46678161621094
525.1200229886177,13.000000000000025,-402.46678161621094
525.8239372285489,13.000000000000025,-402.46678161621094
526.52785146848,13.000000000000025,-402.46678161621094
527.2317657084111,13.000000000000025,-402.46678161621094
527.9356799483422,13.000000000000025,-402.46678161621094
528.6395941882733,13.000000000000025,-402.46678161621094
529.3435084282045,13.000000000000025,-402.46678161621094
530.0474226681356,13.000000000000025,-402.46678161621094
530.7513369080667,13.000000000000025,-402.46678161621094
531.4552511479978,13.000000000000025,-402.46678161621094
532.159165387929,13.000000000000025,-402.46678161621094
532.8630796278601,13.000000000000025,-402.46678161621094
533.5669938677912,13.000000000000025,-402.46678161621094
534.2709081077223,13.000000000000025,-402.46678161621094
534.9748223476535,13.000000000000025,-402.46678161621094
535.6787365875846,13.000000000000025,-402.46678161621094
536.3826508275157,13.000000000000025,-402.46678161621094
537.0865650674468,13.000000000000025,-402.46678161621094
537.790479307378,13.000000000000025,-402.46678161621094
538.4943935473091,13.000000000000025,-402.46678161621094
539.1983077872402,13.000000000000025,-402.46678161621094
539.9022220271713,13.000000000000025,-402.46678161621094
540.6061362671024,13.000000000000025,-402.46678161621094
541.3100505070336,13.000000000000025,-402.46678161621094
542.0139647469647,13.000000000000025,-402.46678161621094
542.7178789868958,13.000000000000025,-402.46678161621094
543.4217932268269,13.000000000000025,-402.46678161621094
544.1257074667581,13.000000000000025,-402.46678161621094
544.8296217066892,13.000000000000025,-402.46678161621094
545.5335359466203,13.000000000000025,-402.46678161621094
546.2374501865514,13.000000000000025,-402.46678161621094
546.9413644264826,13.000000000000025,-402.46678161621094
547.6452786664137,13.000000000000025,-402.46678161621094
548.3491929063448,13.000000000000025,-402.46678161621094
549.0531071462759,13.000000000000025,-402.46678161621094
549.757021386207,13.000000000000025,-402.46678161621094
550.4609356261382,13.000000000000025,-402.46678161621094
551.1648498660693,13.000000000000025,-402.46678161621094
551.8687641060004,13.000000000000025,-402.46678161621094
552.5726783459315,13.000000000000025,-402.46678161621094
553.2765925858627,13.000000000000025,-402.46678161621094
553.9805068257938,13.000000000000025,-402.46678161621094
554.6844210657249,13.000000000000025,-402.46678161621094
555.388335305656,13.000000000000025,-402.46678161621094
556.0922495455872,13.000000000000025,-402.46678161621094
556.7961637855183,13.000000000000025,-402.46678161621094
557.5000780254494,13.000000000000025,-402.46678161621094
558.2039922653805,13.000000000000025,-402.46678161621094
558.9079065053116,13.000000000000025,-402.46678161621094
559.6118207452428,13.000000000000025,-402.46678161621094
560.3157349851739,13.000000000000025,-402.46678161621094
561.019649225105,13.000000000000025,-402.46678161621094
561.7235634650361,13.000000000000025,-402.46678161621094
562.4274777049673,13.000000000000025,-402.46678161621094
563.1313919448984,13.000000000000025,-402.46678161621094
563.8353061848295,13.000000000000025,-402.46678161621094
564.5392204247606,13.000000000000025,-402.46678161621094
565.2431346646918,13.000000000000025,-402.46678161621094
565.9470489046229,13.000000000000025,-402.46678161621094
566.650963144554,13.000000000000025,-402.46678161621094
567.3548773844851,13.000000000000025,-402.46678161621094
568.0587916244162,13.000000000000025,-402.46678161621094
568.7627058643474,13.000000000000025,-402.46678161621094
569.4666201042785,13.000000000000025,-402.46678161621094
570.1705343442096,13.000000000000025,-402.46678161621094
570.8744485841407,13.000000000000025,-402.46678161621094
571.5783628240719,13.000000000000025,-402.46678161621094
572.282277064003,13.000000000000025,-402.46678161621094
572.9861913039341,13.000000000000025,-402.46678161621094
573.6901055438652,13.000000000000025,-402.46678161621094
574.3940197837964,13.000000000000025,-402.46678161621094
575.0979340237275,13.000000000000025,-402.46678161621094
575.8018482636586,13.000000000000025,-402.46678161621094
576.5057625035897,13.000000000000025,-402.46678161621094
577.2096767435208,13.000000000000025,-402.46678161621094
577.913590983452,13.000000000000025,-402.46678161621094
578.6175052233831,13.000000000000025,-402.46678161621094
579.3214194633142,13.000000000000025,-402.46678161621094
580.0253337032453,13.000000000000025,-402.46678161621094
580.7292479431765,13.000000000000025,-402.46678161621094
581.4331621831076,13.000000000000025,-402.46678161621094
582.1370764230387,13.000000000000025,-402.46678161621094
582.8409906629698,13.000000000000025,-402.46678161621094
583.544904902901,13.000000000000025,-402.46678161621094
584.2488191428321,13.000000000000025,-402.46678161621094
584.9527333827632,13.000000000000025,-402.46678161621094
585.6566476226943,13.000000000000025,-402.46678161621094
586.3605618626254,13.000000000000025,-402.46678161621094
587.0644761025566,13.000000000000025,-402.46678161621094
587.7683903424877,13.000000000000025,-402.46678161621094
588.4723045824188,13.000000000000025,-402.46678161621094
589.1762188223499,13.000000000000025,-402.46678161621094
589.8801330622811,13.000000000000025,-402.46678161621094
590.5840473022122,13.000000000000025,-402.46678161621094
591.2879615421433,13.000000000000025,-402.46678161621094
591.9918757820744,13.000000000000025,-402.46678161621094
592.6957900220056,13.000000000000025,-402.46678161621094
593.3997042619367,13.000000000000025,-402.46678161621094
594.1036185018678,13.000000000000025,-402.46678161621094
594.8075327417989,13.000000000000025,-402.46678161621094
595.51144698173,13.000000000000025,-402.46678161621094
596.2153612216612,13.000000000000025,-402.46678161621094
596.9192754615923,13.000000000000025,-402.46678161621094
597.6231897015234,13.000000000000025,-402.46678161621094
598.3271039414545,13.000000000000025,-402.46678161621094
599.0310181813857,13.000000000000025,-402.46678161621094
599.7349324213168,13.000000000000025,-402.46678161621094
600.4388466612479,13.000000000000025,-402.46678161621094
601.142760901179,13.000000000000025,-402.46678161621094
601.8466751411102,13.000000000000025,-402.46678161621094
602.5505893810413,13.000000000000025,-402.46678161621094
603.2545036209724,13.000000000000025,-402.46678161621094
603.9584178609035,13.000000000000025,-402.46678161621094
604.6623321008346,13.000000000000025,-402.46678161621094
605.3662463407658,13.000000000000025,-402.46678161621094
606.0701605806969,13.000000000000025,-402.46678161621094
606.774074820628,13.000000000000025,-402.46678161621094
607.4779890605591,13.000000000000025,-402.46678161621094
608.1819033004903,13.000000000000025,-402.46678161621094
608.8858175404214,13.000000000000025,-402.46678161621094
609.5897317803525,13.000000000000025,-402.46678161621094
610.2936460202836,13.000000000000025,-402.46678161621094
610.9975602602148,13.000000000000025,-402.46678161621094
611.7014745001459,13.000000000000025,-402.46678161621094
612.405388740077,13.000000000000025,-402.46678161621094
613.1093029800081,13.000000000000025,-402.46678161621094
613.8132172199392,13.000000000000025,-402.46678161621094
614.5171314598704,13.000000000000025,-402.46678161621094
615.2210456998015,13.000000000000025,-402.46678161621094
615.9249599397326,13.000000000000025,-402.46678161621094
616.6288741796637,13.000000000000025,-402.46678161621094
617.3327884195949,13.000000000000025,-402.46678161621094
618.036702659526,13.000000000000025,-402.46678161621094
618.7406168994571,13.000000000000025,-402.46678161621094
619.4445311393882,13.000000000000025,-402.46678161621094
620.1484453793194,13.000000000000025,-402.46678161621094
620.8523596192505,13.000000000000025,-402.46678161621094
621.5562738591816,13.000000000000025,-402.46678161621094
622.2601880991127,13.000000000000025,-402.46678161621094
622.9641023390438,13.000000000000025,-402.46678161621094
623.668016578975,13.000000000000025,-402.46678161621094
624.3719308189061,13.000000000000025,-402.46678161621094
625.0758450588372,13.000000000000025,-402.46678161621094
625.7797592987683,13.000000000000025,-402.46678161621094
626.4836735386995,13.000000000000025,-402.46678161621094
627.1875877786306,13.000000000000025,-402.46678161621094
627.8915020185617,13.000000000000025,-402.46678161621094
628.5954162584928,13.000000000000025,-402.46678161621094
629.299330498424,13.000000000000025,-402.46678161621094
630.0032447383551,13.000000000000025,-402.46678161621094
630.7071589782862,13.000000000000025,-402.46678161621094
631.4110732182173,13.000000000000025,-402.46678161621094
632.1149874581484,13.000000000000025,-402.46678161621094
632.8189016980796,13.000000000000025,-402.46678161621094
633.5228159380107,13.000000000000025,-402.46678161621094
634.2267301779418,13.000000000000025,-402.46678161621094
634.9306444178729,13.000000000000025,-402.46678161621094
635.6345586578041,13.000000000000025,-402.46678161621094
636.3384728977352,13.000000000000025,-402.46678161621094
637.0423871376663,13.000000000000025,-402.46678161621094
637.7463013775974,13.000000000000025,-402.46678161621094
638.4502156175286,13.000000000000025,-402.46678161621094
639.1541298574597,13.000000000000025,-402.46678161621094
639.8580440973908,13.000000000000025,-402.46678161621094
640.5619583373219,13.000000000000025,-402.46678161621094
641.265872577253,13.000000000000025,-402.46678161621094
641.9697868171842,13.000000000000025,-402.46678161621094
642.6737010571153,13.000000000000025,-402.46678161621094
643.3776152970464,13.000000000000025,-402.46678161621094
644.0815295369775,13.000000000000025,-402.46678161621094
644.7854437769087,13.000000000000025,-402.46678161621094
645.4893580168398,13.000000000000025,-402.46678161621094
646.1932722567709,13.000000000000025,-402.46678161621094
646.897186496702,13.000000000000025,-402.46678161621094
647.6011007366332,13.000000000000025,-402.46678161621094
648.3050149765643,13.000000000000025,-402.46678161621094
649.0089292164954,13.000000000000025,-402.46678161621094
649.7128434564265,13.000000000000025,-402.46678161621094
650.4167576963576,13.000000000000025,-402.46678161621094
651.1206719362888,13.000000000000025,-402.46678161621094
651.8245861762199,13.000000000000025,-402.46678161621094
652.528500416151,13.000000000000025,-402.46678161621094
653.2324146560821,13.000000000000025,-402.46678161621094
653.9363288960133,13.000000000000025,-402.46678161621094
654.6402431359444,13.000000000000025,-402.46678161621094
655.3441573758755,13.000000000000025,-402.46678161621094
656.0480716158066,13.000000000000025,-402.46678161621094
656.7519858557378,13.000000000000025,-402.46678161621094
657.4559000956689,13.000000000000025,-402.46678161621094
658.1598143356,13.000000000000025,-402.46678161621094
658.8637285755311,13.000000000000025,-402.46678161621094
659.5676428154622,13.000000000000025,-402.46678161621094
660.2715570553934,13.000000000000025,-402.46678161621094
660.9754712953245,13.000000000000025,-402.46678161621094
661.6793855352556,13.000000000000025,-402.46678161621094
662.3832997751867,13.000000000000025,-402.46678161621094
663.0872140151179,13.000000000000025,-402.46678161621094
663.791128255049,13.000000000000025,-402.46678161621094
664.4950424949801,13.000000000000025,-402.46678161621094
665.1989567349112,13.000000000000025,-402.46678161621094
665.9028709748424,13.000000000000025,-402.46678161621094
666.6067852147735,13.000000000000025,-402.46678161621094
667.3106994547046,13.000000000000025,-402.46678161621094
668.0146136946357,13.000000000000025,-402.46678161621094
668.7185279345669,13.000000000000025,-402.46678161621094
669.422442174498,13.000000000000025,-402.46678161621094
670.1263564144291,13.000000000000025,-402.46678161621094
670.8302706543602,13.000000000000025,-402.46678161621094
671.5341848942913,13.000000000000025,-402.46678161621094
672.2380991342225,13.000000000000025,-402.46678161621094
672.9420133741536,13.000000000000025,-402.46678161621094
673.6459276140847,13.000000000000025,-402.46678161621094
674.3498418540158,13.000000000000025,-402.46678161621094
675.053756093947,13.000000000000025,-402.46678161621094
675.7576703338781,13.000000000000025,-402.46678161621094
676.4615845738092,13.000000000000025,-402.46678161621094
677.1654988137403,13.000000000000025,-402.46678161621094
677.8694130536715,13.000000000000025,-402.46678161621094
678.5733272936026,13.000000000000025,-402.46678161621094
679.2772415335337,13.000000000000025,-402.46678161621094
679.9811557734648,13.000000000000025,-402.46678161621094
680.685070013396,13.000000000000025,-402.46678161621094
681.3889842533271,13.000000000000025,-402.46678161621094
682.0928984932582,13.000000000000025,-402.46678161621094
682.7968127331893,13.000000000000025,-402.46678161621094
683.5007269731204,13.000000000000025,-402.46678161621094
684.2046412130516,13.000000000000025,-402.46678161621094
684.9085554529827,13.000000000000025,-402.46678161621094
685.6124696929138,13.000000000000025,-402.46678161621094
686.3163839328449,13.000000000000025,-402.46678161621094
687.020298172776,13.000000000000025,-402.46678161621094
687.7242124127072,13.000000000000025,-402.46678161621094
688.4281266526383,13.000000000000025,-402.46678161621094
689.1320408925694,13.000000000000025,-402.46678161621094
689.8359551325005,13.000000000000025,-402.46678161621094
690.5398693724317,13.000000000000025,-402.46678161621094
691.2437836123628,13.000000000000025,-402.46678161621094
691.9476978522939,13.000000000000025,-402.46678161621094
692.651612092225,13.000000000000025,-402.46678161621094
693.3555263321562,13.000000000000025,-402.46678161621094
694.0594405720873,13.000000000000025,-402.46678161621094
694.7633548120184,13.000000000000025,-402.46678161621094
695.4672690519495,13.000000000000025,-402.46678161621094
696.1711832918807,13.000000000000025,-402.46678161621094
696.8750975318118,13.000000000000025,-402.46678161621094
697.5790117717429,13.000000000000025,-402.46678161621094
698.282926011674,13.000000000000025,-402.46678161621094
698.9868402516051,13.000000000000025,-402.46678161621094
699.6907544915363,13.000000000000025,-402.46678161621094
700.3946687314674,13.000000000000025,-402.46678161621094
701.0985829713985,13.000000000000025,-402.46678161621094
701.8024972113296,13.000000000000025,-402.46678161621094
702.5064114512608,13.000000000000025,-402.46678161621094
703.2103256911919,13.000000000000025,-402.46678161621094
