2.044660583895703,0.0,-1.851889293640852
2.0455749839070037,0.0,-1.851889293640852
2.0464893839183045,0.0,-1.851889293640852
2.0474037839296053,0.0,-1.851889293640852
2.048318183940906,0.0,-1.851889293640852
2.049232583952207,0.0,-1.851889293640852
2.050146983963508,0.0,-1.851889293640852
2.0510613839748086,0.0,-1.851889293640852
2.0519757839861095,0.0,-1.851889293640852
2.0528901839974103,0.0,-1.851889293640852
2.053804584008711,0.0,-1.851889293640852
2.054718984020012,0.0,-1.851889293640852
2.055633384031313,0.0,-1.851889293640852
2.0565477840426136,0.0,-1.851889293640852
2.0574621840539145,0.0,-1.851889293640852
2.0583765840652153,0.0,-1.851889293640852
2.059290984076516,0.0,-1.851889293640852
2.060205384087817,0.0,-1.851889293640852
2.061119784099118,0.0,-1.851889293640852
2.0620341841104186,0.0,-1.851889293640852
2.0629485841217194,0.0,-1.851889293640852
2.0638629841330203,0.0,-1.851889293640852
2.064777384144321,0.0,-1.851889293640852
2.065691784155622,0.0,-1.851889293640852
2.0666061841669228,0.0,-1.851889293640852
2.0675205841782236,0.0,-1.851889293640852
2.0684349841895244,0.0,-1.851889293640852
2.0693493842008253,0.0,-1.851889293640852
2.070263784212126,0.0,-1.851889293640852
2.071178184223427,0.0,-1.851889293640852
2.0720925842347278,0.0,-1.851889293640852
2.0730069842460286,0.0,-1.851889293640852
2.0739213842573294,0.0,-1.851889293640852
2.0748357842686302,0.0,-1.851889293640852
2.075750184279931,0.0,-1.851889293640852
2.076664584291232,0.0,-1.851889293640852
2.0775789843025327,0.0,-1.851889293640852
2.0784933843138336,0.0,-1.851889293640852
2.0794077843251344,0.0,-1.851889293640852
2.0803221843364352,0.0,-1.851889293640852
2.081236584347736,0.0,-1.851889293640852
2.082150984359037,0.0,-1.851889293640852
2.0830653843703377,0.0,-1.851889293640852
2.0839797843816386,0.0,-1.851889293640852
2.0848941843929394,0.0,-1.851889293640852
2.08580858440424,0.0,-1.851889293640852
2.086722984415541,0.0,-1.851889293640852
2.087637384426842,0.0,-1.851889293640852
2.0885517844381427,0.0,-1.851889293640852
2.0894661844494435,0.0,-1.851889293640852
2.0903805844607444,0.0,-1.851889293640852
2.091294984472045,0.0,-1.851889293640852
2.092209384483346,0.0,-1.851889293640852
2.093123784494647,0.0,-1.851889293640852
2.0940381845059477,0.0,-1.851889293640852
2.0949525845172485,0.0,-1.851889293640852
2.0958669845285494,0.0,-1.851889293640852
2.09678138453985,0.0,-1.851889293640852
2.097695784551151,0.0,-1.851889293640852
2.098610184562452,0.0,-1.851889293640852
2.0995245845737527,0.0,-1.851889293640852
2.1004389845850535,0.0,-1.851889293640852
2.1013533845963543,0.0,-1.851889293640852
2.102267784607655,0.0,-1.851889293640852
2.103182184618956,0.0,-1.851889293640852
2.104096584630257,0.0,-1.851889293640852
2.1050109846415577,0.0,-1.851889293640852
2.1059253846528585,0.0,-1.851889293640852
2.1068397846641593,0.0,-1.851889293640852
2.10775418467546,0.0,-1.851889293640852
2.108668584686761,0.0,-1.851889293640852
2.109582984698062,0.0,-1.851889293640852
2.1104973847093627,0.0,-1.851889293640852
2.1114117847206635,0.0,-1.851889293640852
2.1123261847319643,0.0,-1.851889293640852
2.113240584743265,0.0,-1.851889293640852
2.114154984754566,0.0,-1.851889293640852
2.115069384765867,0.0,-1.851889293640852
2.1159837847771676,0.0,-1.851889293640852
2.1168981847884685,0.0,-1.851889293640852
2.1178125847997693,0.0,-1.851889293640852
2.11872698481107,0.0,-1.851889293640852
2.119641384822371,0.0,-1.851889293640852
2.120555784833672,0.0,-1.851889293640852
2.1214701848449726,0.0,-1.851889293640852
2.1223845848562735,0.0,-1.851889293640852
2.1232989848675743,0.0,-1.851889293640852
2.124213384878875,0.0,-1.851889293640852
2.125127784890176,0.0,-1.851889293640852
2.126042184901477,0.0,-1.851889293640852
2.1269565849127776,0.0,-1.851889293640852
2.1278709849240784,0.0,-1.851889293640852
2.1287853849353793,0.0,-1.851889293640852
2.12969978494668,0.0,-1.851889293640852
2.130614184957981,0.0,-1.851889293640852
2.1315285849692818,0.0,-1.851889293640852
2.1324429849805826,0.0,-1.851889293640852
2.1333573849918834,0.0,-1.851889293640852
2.1342717850031843,0.0,-1.851889293640852
2.135186185014485,0.0,-1.851889293640852
2.136100585025786,0.0,-1.851889293640852
2.1370149850370868,0.0,-1.851889293640852
2.1379293850483876,0.0,-1.851889293640852
2.1388437850596884,0.0,-1.851889293640852
2.1397581850709892,0.0,-1.851889293640852
2.14067258508229,0.0,-1.851889293640852
2.141586985093591,0.0,-1.851889293640852
2.1425013851048917,0.0,-1.851889293640852
2.1434157851161926,0.0,-1.851889293640852
2.1443301851274934,0.0,-1.851889293640852
2.1452445851387942,0.0,-1.851889293640852
2.146158985150095,0.0,-1.851889293640852
2.147073385161396,0.0,-1.851889293640852
2.1479877851726967,0.0,-1.851889293640852
2.1489021851839976,0.0,-1.851889293640852
2.1498165851952984,0.0,-1.851889293640852
2.150730985206599,0.0,-1.851889293640852
2.1516453852179,0.0,-1.851889293640852
2.152559785229201,0.0,-1.851889293640852
2.1534741852405017,0.0,-1.851889293640852
2.1543885852518025,0.0,-1.851889293640852
2.1553029852631034,0.0,-1.851889293640852
2.156217385274404,0.0,-1.851889293640852
2.157131785285705,0.0,-1.851889293640852
2.158046185297006,0.0,-1.851889293640852
2.1589605853083067,0.0,-1.851889293640852
2.1598749853196075,0.0,-1.851889293640852
2.1607893853309084,0.0,-1.851889293640852
2.161703785342209,0.0,-1.851889293640852
2.16261818535351,0.0,-1.851889293640852
2.163532585364811,0.0,-1.851889293640852
2.1644469853761117,0.0,-1.851889293640852
2.1653613853874125,0.0,-1.851889293640852
2.1662757853987133,0.0,-1.851889293640852
2.167190185410014,0.0,-1.851889293640852
2.168104585421315,0.0,-1.851889293640852
2.169018985432616,0.0,-1.851889293640852
2.1699333854439167,0.0,-1.851889293640852
2.1708477854552175,0.0,-1.851889293640852
2.1717621854665183,0.0,-1.851889293640852
2.172676585477819,0.0,-1.851889293640852
2.17359098548912,0.0,-1.851889293640852
2.174505385500421,0.0,-1.851889293640852
2.1754197855117217,0.0,-1.851889293640852
2.1763341855230225,0.0,-1.851889293640852
2.1772485855343233,0.0,-1.851889293640852
2.178162985545624,0.0,-1.851889293640852
2.179077385556925,0.0,-1.851889293640852
2.179991785568226,0.0,-1.851889293640852
2.1809061855795266,0.0,-1.851889293640852
2.1818205855908275,0.0,-1.851889293640852
2.1827349856021283,0.0,-1.851889293640852
2.183649385613429,0.0,-1.851889293640852
2.18456378562473,0.0,-1.851889293640852
2.185478185636031,0.0,-1.851889293640852
2.1863925856473316,0.0,-1.851889293640852
2.1873069856586325,0.0,-1.851889293640852
2.1882213856699333,0.0,-1.851889293640852
2.189135785681234,0.0,-1.851889293640852
2.190050185692535,0.0,-1.851889293640852
2.190964585703836,0.0,-1.851889293640852
2.1918789857151366,0.0,-1.851889293640852
2.1927933857264374,0.0,-1.851889293640852
2.1937077857377383,0.0,-1.851889293640852
2.194622185749039,0.0,-1.851889293640852
2.19553658576034,0.0,-1.851889293640852
2.1964509857716408,0.0,-1.851889293640852
2.1973653857829416,0.0,-1.851889293640852
2.1982797857942424,0.0,-1.851889293640852
2.1991941858055433,0.0,-1.851889293640852
2.200108585816844,0.0,-1.851889293640852
2.201022985828145,0.0,-1.851889293640852
2.2019373858394458,0.0,-1.851889293640852
2.2028517858507466,0.0,-1.851889293640852
2.2037661858620474,0.0,-1.851889293640852
2.2046805858733483,0.0,-1.851889293640852
2.205594985884649,0.0,-1.851889293640852
2.20650938589595,0.0,-1.851889293640852
2.2074237859072507,0.0,-1.851889293640852
2.2083381859185516,0.0,-1.851889293640852
2.2092525859298524,0.0,-1.851889293640852
2.2101669859411532,0.0,-1.851889293640852
2.211081385952454,0.0,-1.851889293640852
2.211995785963755,0.0,-1.851889293640852
2.2129101859750557,0.0,-1.851889293640852
2.2138245859863566,0.0,-1.851889293640852
2.2147389859976574,0.0,-1.851889293640852
2.2156533860089582,0.0,-1.851889293640852
2.216567786020259,0.0,-1.851889293640852
2.21748218603156,0.0,-1.851889293640852
2.2183965860428607,0.0,-1.851889293640852
2.2193109860541615,0.0,-1.851889293640852
2.2202253860654624,0.0,-1.851889293640852
2.221139786076763,0.0,-1.851889293640852
2.222054186088064,0.0,-1.851889293640852
2.222968586099365,0.0,-1.851889293640852
2.2238829861106657,0.0,-1.851889293640852
2.2247973861219665,0.0,-1.851889293640852
2.2257117861332674,0.0,-1.851889293640852
2.226626186144568,0.0,-1.851889293640852
2.227540586155869,0.0,-1.851889293640852
2.22845498616717,0.0,-1.851889293640852
2.2293693861784707,0.0,-1.851889293640852
2.2302837861897715,0.0,-1.851889293640852
2.2311981862010724,0.0,-1.851889293640852
2.232112586212373,0.0,-1.851889293640852
2.233026986223674,0.0,-1.851889293640852
2.233941386234975,0.0,-1.851889293640852
2.2348557862462757,0.0,-1.851889293640852
2.2357701862575765,0.0,-1.851889293640852
2.2366845862688773,0.0,-1.851889293640852
2.237598986280178,0.0,-1.851889293640852
2.238513386291479,0.0,-1.851889293640852
2.23942778630278,0.0,-1.851889293640852
2.2403421863140807,0.0,-1.851889293640852
2.2412565863253815,0.0,-1.851889293640852
2.2421709863366823,0.0,-1.851889293640852
2.243085386347983,0.0,-1.851889293640852
2.243999786359284,0.0,-1.851889293640852
2.244914186370585,0.0,-1.851889293640852
2.2458285863818856,0.0,-1.851889293640852
2.2467429863931865,0.0,-1.851889293640852
2.2476573864044873,0.0,-1.851889293640852
2.248571786415788,0.0,-1.851889293640852
2.249486186427089,0.0,-1.851889293640852
2.25040058643839,0.0,-1.851889293640852
2.2513149864496906,0.0,-1.851889293640852
2.2522293864609915,0.0,-1.851889293640852
2.2531437864722923,0.0,-1.851889293640852
2.254058186483593,0.0,-1.851889293640852
2.254972586494894,0.0,-1.851889293640852
2.255886986506195,0.0,-1.851889293640852
2.2568013865174956,0.0,-1.851889293640852
2.2577157865287965,0.0,-1.851889293640852
2.2586301865400973,0.0,-1.851889293640852
2.259544586551398,0.0,-1.851889293640852
2.260458986562699,0.0,-1.851889293640852
2.2613733865739998,0.0,-1.851889293640852
2.2622877865853006,0.0,-1.851889293640852
2.2632021865966014,0.0,-1.851889293640852
2.2641165866079023,0.0,-1.851889293640852
2.265030986619203,0.0,-1.851889293640852
2.265945386630504,0.0,-1.851889293640852
2.2668597866418048,0.0,-1.851889293640852
2.2677741866531056,0.0,-1.851889293640852
2.2686885866644064,0.0,-1.851889293640852
2.2696029866757073,0.0,-1.851889293640852
2.270517386687008,0.0,-1.851889293640852
2.271431786698309,0.0,-1.851889293640852
2.2723461867096097,0.0,-1.851889293640852
2.2732605867209106,0.0,-1.851889293640852
2.2741749867322114,0.0,-1.851889293640852
2.2750893867435122,0.0,-1.851889293640852
2.276003786754813,0.0,-1.851889293640852
2.276918186766114,0.0,-1.851889293640852
2.2778325867774147,0.0,-1.851889293640852
2.2787469867887156,0.0,-1.851889293640852
2.2796613868000164,0.0,-1.851889293640852
2.2805757868113172,0.0,-1.851889293640852
2.281490186822618,0.0,-1.851889293640852
2.282404586833919,0.0,-1.851889293640852
2.2833189868452197,0.0,-1.851889293640852
2.2842333868565206,0.0,-1.851889293640852
2.2851477868678214,0.0,-1.851889293640852
2.286062186879122,0.0,-1.851889293640852
2.286976586890423,0.0,-1.851889293640852
2.287890986901724,0.0,-1.851889293640852
2.2888053869130247,0.0,-1.851889293640852
2.2897197869243255,0.0,-1.851889293640852
2.2906341869356264,0.0,-1.851889293640852
2.291548586946927,0.0,-1.851889293640852
2.292462986958228,0.0,-1.851889293640852
2.293377386969529,0.0,-1.851889293640852
2.2942917869808297,0.0,-1.851889293640852
2.2952061869921305,0.0,-1.851889293640852
2.2961205870034314,0.0,-1.851889293640852
2.297034987014732,0.0,-1.851889293640852
2.297949387026033,0.0,-1.851889293640852
2.298863787037334,0.0,-1.851889293640852
2.2997781870486347,0.0,-1.851889293640852
2.3006925870599355,0.0,-1.851889293640852
2.3016069870712363,0.0,-1.851889293640852
2.302521387082537,0.0,-1.851889293640852
2.303435787093838,0.0,-1.851889293640852
2.304350187105139,0.0,-1.851889293640852
2.3052645871164397,0.0,-1.851889293640852
2.3061789871277405,0.0,-1.851889293640852
2.3070933871390413,0.0,-1.851889293640852
2.308007787150342,0.0,-1.851889293640852
2.308922187161643,0.0,-1.851889293640852
2.309836587172944,0.0,-1.851889293640852
2.3107509871842447,0.0,-1.851889293640852
2.3116653871955455,0.0,-1.851889293640852
2.3125797872068463,0.0,-1.851889293640852
2.313494187218147,0.0,-1.851889293640852
2.314408587229448,0.0,-1.851889293640852
2.315322987240749,0.0,-1.851889293640852
2.3162373872520496,0.0,-1.851889293640852
2.3171517872633505,0.0,-1.851889293640852
2.3180661872746513,0.0,-1.851889293640852
2.318980587285952,0.0,-1.851889293640852
2.319894987297253,0.0,-1.851889293640852
2.320809387308554,0.0,-1.851889293640852
2.3217237873198546,0.0,-1.851889293640852
2.3226381873311555,0.0,-1.851889293640852
2.3235525873424563,0.0,-1.851889293640852
2.324466987353757,0.0,-1.851889293640852
2.325381387365058,0.0,-1.851889293640852
2.326295787376359,0.0,-1.851889293640852
2.3272101873876596,0.0,-1.851889293640852
2.3281245873989604,0.0,-1.851889293640852
2.3290389874102613,0.0,-1.851889293640852
2.329953387421562,0.0,-1.851889293640852
2.330867787432863,0.0,-1.851889293640852
2.3317821874441638,0.0,-1.851889293640852
2.3326965874554646,0.0,-1.851889293640852
2.3336109874667654,0.0,-1.851889293640852
2.3345253874780663,0.0,-1.851889293640852
2.335439787489367,0.0,-1.851889293640852
2.336354187500668,0.0,-1.851889293640852
2.3372685875119688,0.0,-1.851889293640852
2.3381829875232696,0.0,-1.851889293640852
2.3390973875345704,0.0,-1.851889293640852
2.3400117875458712,0.0,-1.851889293640852
2.340926187557172,0.0,-1.851889293640852
2.341840587568473,0.0,-1.851889293640852
2.3427549875797737,0.0,-1.851889293640852
2.3436693875910746,0.0,-1.851889293640852
2.3445837876023754,0.0,-1.851889293640852
2.3454981876136762,0.0,-1.851889293640852
2.346412587624977,0.0,-1.851889293640852
2.347326987636278,0.0,-1.851889293640852
2.3482413876475787,0.0,-1.851889293640852
2.3491557876588796,0.0,-1.851889293640852
2.3500701876701804,0.0,-1.851889293640852
2.350984587681481,0.0,-1.851889293640852
2.351898987692782,0.0,-1.851889293640852
2.352813387704083,0.0,-1.851889293640852
2.3537277877153837,0.0,-1.851889293640852
2.3546421877266845,0.0,-1.851889293640852
2.3555565877379854,0.0,-1.851889293640852
2.356470987749286,0.0,-1.851889293640852
2.357385387760587,0.0,-1.851889293640852
2.358299787771888,0.0,-1.851889293640852
2.3592141877831887,0.0,-1.851889293640852
2.3601285877944895,0.0,-1.851889293640852
2.3610429878057904,0.0,-1.851889293640852
2.361957387817091,0.0,-1.851889293640852
2.362871787828392,0.0,-1.851889293640852
2.363786187839693,0.0,-1.851889293640852
2.3647005878509937,0.0,-1.851889293640852
2.3656149878622945,0.0,-1.851889293640852
2.3665293878735953,0.0,-1.851889293640852
2.367443787884896,0.0,-1.851889293640852
2.368358187896197,0.0,-1.851889293640852
2.369272587907498,0.0,-1.851889293640852
2.3701869879187987,0.0,-1.851889293640852
2.3711013879300995,0.0,-1.851889293640852
2.3720157879414003,0.0,-1.851889293640852
2.372930187952701,0.0,-1.851889293640852
2.373844587964002,0.0,-1.851889293640852
2.374758987975303,0.0,-1.851889293640852
2.3756733879866037,0.0,-1.851889293640852
2.3765877879979045,0.0,-1.851889293640852
2.3775021880092053,0.0,-1.851889293640852
2.378416588020506,0.0,-1.851889293640852
2.379330988031807,0.0,-1.851889293640852
2.380245388043108,0.0,-1.851889293640852
2.3811597880544086,0.0,-1.851889293640852
2.3820741880657095,0.0,-1.851889293640852
2.3829885880770103,0.0,-1.851889293640852
2.383902988088311,0.0,-1.851889293640852
2.384817388099612,0.0,-1.851889293640852
2.385731788110913,0.0,-1.851889293640852
2.3866461881222136,0.0,-1.851889293640852
2.3875605881335145,0.0,-1.851889293640852
2.3884749881448153,0.0,-1.851889293640852
2.389389388156116,0.0,-1.851889293640852
2.390303788167417,0.0,-1.851889293640852
2.391218188178718,0.0,-1.851889293640852
2.3921325881900186,0.0,-1.851889293640852
2.3930469882013194,0.0,-1.851889293640852
2.3939613882126203,0.0,-1.851889293640852
2.394875788223921,0.0,-1.851889293640852
2.395790188235222,0.0,-1.851889293640852
2.3967045882465228,0.0,-1.851889293640852
2.3976189882578236,0.0,-1.851889293640852
2.3985333882691244,0.0,-1.851889293640852
2.3994477882804253,0.0,-1.851889293640852
2.400362188291726,0.0,-1.851889293640852
2.401276588303027,0.0,-1.851889293640852
2.4021909883143278,0.0,-1.851889293640852
2.4031053883256286,0.0,-1.851889293640852
2.4040197883369294,0.0,-1.851889293640852
2.4049341883482303,0.0,-1.851889293640852
2.405848588359531,0.0,-1.851889293640852
2.406762988370832,0.0,-1.851889293640852
2.4076773883821327,0.0,-1.851889293640852
2.4085917883934336,0.0,-1.851889293640852
2.4095061884047344,0.0,-1.851889293640852
2.4104205884160352,0.0,-1.851889293640852
2.411334988427336,0.0,-1.851889293640852
2.412249388438637,0.0,-1.851889293640852
2.4131637884499377,0.0,-1.851889293640852
2.4140781884612386,0.0,-1.851889293640852
2.4149925884725394,0.0,-1.851889293640852
2.4159069884838402,0.0,-1.851889293640852
2.416821388495141,0.0,-1.851889293640852
2.417735788506442,0.0,-1.851889293640852
2.4186501885177427,0.0,-1.851889293640852
2.4195645885290435,0.0,-1.851889293640852
2.4204789885403444,0.0,-1.851889293640852
2.421393388551645,0.0,-1.851889293640852
2.422307788562946,0.0,-1.851889293640852
2.423222188574247,0.0,-1.851889293640852
2.4241365885855477,0.0,-1.851889293640852
2.4250509885968485,0.0,-1.851889293640852
2.4259653886081494,0.0,-1.851889293640852
2.42687978861945,0.0,-1.851889293640852
2.427794188630751,0.0,-1.851889293640852
2.428708588642052,0.0,-1.851889293640852
2.4296229886533527,0.0,-1.851889293640852
2.4305373886646535,0.0,-1.851889293640852
2.4314517886759544,0.0,-1.851889293640852
2.432366188687255,0.0,-1.851889293640852
2.433280588698556,0.0,-1.851889293640852
2.434194988709857,0.0,-1.851889293640852
2.4351093887211577,0.0,-1.851889293640852
2.4360237887324585,0.0,-1.851889293640852
2.4369381887437593,0.0,-1.851889293640852
2.43785258875506,0.0,-1.851889293640852
2.438766988766361,0.0,-1.851889293640852
2.439681388777662,0.0,-1.851889293640852
2.4405957887889627,0.0,-1.851889293640852
2.4415101888002635,0.0,-1.851889293640852
2.4424245888115643,0.0,-1.851889293640852
2.443338988822865,0.0,-1.851889293640852
2.444253388834166,0.0,-1.851889293640852
2.445167788845467,0.0,-1.851889293640852
2.4460821888567676,0.0,-1.851889293640852
2.4469965888680685,0.0,-1.851889293640852
2.4479109888793693,0.0,-1.851889293640852
2.44882538889067,0.0,-1.851889293640852
2.449739788901971,0.0,-1.851889293640852
2.450654188913272,0.0,-1.851889293640852
2.4515685889245726,0.0,-1.851889293640852
2.4524829889358735,0.0,-1.851889293640852
2.4533973889471743,0.0,-1.851889293640852
2.454311788958475,0.0,-1.851889293640852
2.455226188969776,0.0,-1.851889293640852
2.456140588981077,0.0,-1.851889293640852
2.4570549889923776,0.0,-1.851889293640852
2.4579693890036785,0.0,-1.851889293640852
2.4588837890149793,0.0,-1.851889293640852
2.45979818902628,0.0,-1.851889293640852
2.460712589037581,0.0,-1.851889293640852
2.4616269890488818,0.0,-1.851889293640852
2.4625413890601826,0.0,-1.851889293640852
2.4634557890714834,0.0,-1.851889293640852
2.4643701890827843,0.0,-1.851889293640852
2.465284589094085,0.0,-1.851889293640852
2.466198989105386,0.0,-1.851889293640852
2.4671133891166868,0.0,-1.851889293640852
2.4680277891279876,0.0,-1.851889293640852
2.4689421891392884,0.0,-1.851889293640852
2.4698565891505893,0.0,-1.851889293640852
2.47077098916189,0.0,-1.851889293640852
2.471685389173191,0.0,-1.851889293640852
2.4725997891844917,0.0,-1.851889293640852
2.4735141891957926,0.0,-1.851889293640852
2.4744285892070934,0.0,-1.851889293640852
2.4753429892183942,0.0,-1.851889293640852
2.476257389229695,0.0,-1.851889293640852
2.477171789240996,0.0,-1.851889293640852
2.4780861892522967,0.0,-1.851889293640852
2.4790005892635976,0.0,-1.851889293640852
2.4799149892748984,0.0,-1.851889293640852
2.4808293892861992,0.0,-1.851889293640852
2.4817437892975,0.0,-1.851889293640852
2.482658189308801,0.0,-1.851889293640852
2.4835725893201017,0.0,-1.851889293640852
2.4844869893314026,0.0,-1.851889293640852
2.4854013893427034,0.0,-1.851889293640852
2.486315789354004,0.0,-1.851889293640852
2.487230189365305,0.0,-1.851889293640852
2.488144589376606,0.0,-1.851889293640852
2.4890589893879067,0.0,-1.851889293640852
2.4899733893992075,0.0,-1.851889293640852
2.4908877894105084,0.0,-1.851889293640852
2.491802189421809,0.0,-1.851889293640852
2.49271658943311,0.0,-1.851889293640852
2.493630989444411,0.0,-1.851889293640852
2.4945453894557117,0.0,-1.851889293640852
2.4954597894670125,0.0,-1.851889293640852
2.4963741894783134,0.0,-1.851889293640852
2.497288589489614,0.0,-1.851889293640852
2.498202989500915,0.0,-1.851889293640852
2.499117389512216,0.0,-1.851889293640852
2.5000317895235167,0.0,-1.851889293640852
2.5009461895348175,0.0,-1.851889293640852
2.5018605895461183,0.0,-1.851889293640852
2.502774989557419,0.0,-1.851889293640852
2.50368938956872,0.0,-1.851889293640852
2.504603789580021,0.0,-1.851889293640852
2.5055181895913217,0.0,-1.851889293640852
2.5064325896026225,0.0,-1.851889293640852
2.5073469896139233,0.0,-1.851889293640852
2.508261389625224,0.0,-1.851889293640852
2.509175789636525,0.0,-1.851889293640852
2.510090189647826,0.0,-1.851889293640852
2.5110045896591267,0.0,-1.851889293640852
2.5119189896704275,0.0,-1.851889293640852
2.5128333896817283,0.0,-1.851889293640852
2.513747789693029,0.0,-1.851889293640852
2.51466218970433,0.0,-1.851889293640852
2.515576589715631,0.0,-1.851889293640852
2.5164909897269316,0.0,-1.851889293640852
2.5174053897382325,0.0,-1.851889293640852
2.5183197897495333,0.0,-1.851889293640852
2.519234189760834,0.0,-1.851889293640852
2.520148589772135,0.0,-1.851889293640852
2.521062989783436,0.0,-1.851889293640852
2.5219773897947366,0.0,-1.851889293640852
2.5228917898060375,0.0,-1.851889293640852
2.5238061898173383,0.0,-1.851889293640852
2.524720589828639,0.0,-1.851889293640852
2.52563498983994,0.0,-1.851889293640852
2.526549389851241,0.0,-1.851889293640852
2.5274637898625416,0.0,-1.851889293640852
2.5283781898738424,0.0,-1.851889293640852
2.5292925898851433,0.0,-1.851889293640852
2.530206989896444,0.0,-1.851889293640852
2.531121389907745,0.0,-1.851889293640852
2.5320357899190458,0.0,-1.851889293640852
2.5329501899303466,0.0,-1.851889293640852
2.5338645899416474,0.0,-1.851889293640852
2.5347789899529483,0.0,-1.851889293640852
2.535693389964249,0.0,-1.851889293640852
2.53660778997555,0.0,-1.851889293640852
2.5375221899868508,0.0,-1.851889293640852
2.5384365899981516,0.0,-1.851889293640852
2.5393509900094524,0.0,-1.851889293640852
2.5402653900207532,0.0,-1.851889293640852
2.541179790032054,0.0,-1.851889293640852
2.542094190043355,0.0,-1.851889293640852
2.5430085900546557,0.0,-1.851889293640852
2.5439229900659566,0.0,-1.851889293640852
2.5448373900772574,0.0,-1.851889293640852
2.5457517900885582,0.0,-1.851889293640852
2.546666190099859,0.0,-1.851889293640852
2.54758059011116,0.0,-1.851889293640852
2.5484949901224607,0.0,-1.851889293640852
2.5494093901337616,0.0,-1.851889293640852
2.5503237901450624,0.0,-1.851889293640852
2.551238190156363,0.0,-1.851889293640852
2.552152590167664,0.0,-1.851889293640852
2.553066990178965,0.0,-1.851889293640852
2.5539813901902657,0.0,-1.851889293640852
2.5548957902015665,0.0,-1.851889293640852
2.5558101902128674,0.0,-1.851889293640852
2.556724590224168,0.0,-1.851889293640852
2.557638990235469,0.0,-1.851889293640852
2.55855339024677,0.0,-1.851889293640852
2.5594677902580707,0.0,-1.851889293640852
2.5603821902693715,0.0,-1.851889293640852
2.5612965902806724,0.0,-1.851889293640852
2.562210990291973,0.0,-1.851889293640852
2.563125390303274,0.0,-1.851889293640852
2.564039790314575,0.0,-1.851889293640852
2.5649541903258757,0.0,-1.851889293640852
2.5658685903371765,0.0,-1.851889293640852
2.5667829903484773,0.0,-1.851889293640852
2.567697390359778,0.0,-1.851889293640852
2.568611790371079,0.0,-1.851889293640852
2.56952619038238,0.0,-1.851889293640852
2.5704405903936807,0.0,-1.851889293640852
2.5713549904049815,0.0,-1.851889293640852
2.5722693904162823,0.0,-1.851889293640852
2.573183790427583,0.0,-1.851889293640852
2.574098190438884,0.0,-1.851889293640852
2.575012590450185,0.0,-1.851889293640852
2.5759269904614857,0.0,-1.851889293640852
2.5768413904727865,0.0,-1.851889293640852
2.5777557904840873,0.0,-1.851889293640852
2.578670190495388,0.0,-1.851889293640852
2.579584590506689,0.0,-1.851889293640852
2.58049899051799,0.0,-1.851889293640852
2.5814133905292906,0.0,-1.851889293640852
2.5823277905405915,0.0,-1.851889293640852
2.5832421905518923,0.0,-1.851889293640852
2.584156590563193,0.0,-1.851889293640852
2.585070990574494,0.0,-1.851889293640852
2.585985390585795,0.0,-1.851889293640852
2.5868997905970956,0.0,-1.851889293640852
2.5878141906083965,0.0,-1.851889293640852
2.5887285906196973,0.0,-1.851889293640852
2.589642990630998,0.0,-1.851889293640852
2.590557390642299,0.0,-1.851889293640852
2.5914717906536,0.0,-1.851889293640852
2.5923861906649006,0.0,-1.851889293640852
2.5933005906762014,0.0,-1.851889293640852
2.5942149906875023,0.0,-1.851889293640852
2.595129390698803,0.0,-1.851889293640852
2.596043790710104,0.0,-1.851889293640852
2.5969581907214048,0.0,-1.851889293640852
2.5978725907327056,0.0,-1.851889293640852
2.5987869907440064,0.0,-1.851889293640852
2.5997013907553073,0.0,-1.851889293640852
2.600615790766608,0.0,-1.851889293640852
2.601530190777909,0.0,-1.851889293640852
2.6024445907892098,0.0,-1.851889293640852
2.6033589908005106,0.0,-1.851889293640852
2.6042733908118114,0.0,-1.851889293640852
2.6051877908231122,0.0,-1.851889293640852
2.606102190834413,0.0,-1.851889293640852
2.607016590845714,0.0,-1.851889293640852
2.6079309908570147,0.0,-1.851889293640852
2.6088453908683156,0.0,-1.851889293640852
2.6097597908796164,0.0,-1.851889293640852
2.6106741908909172,0.0,-1.851889293640852
2.611588590902218,0.0,-1.851889293640852
2.612502990913519,0.0,-1.851889293640852
2.6134173909248197,0.0,-1.851889293640852
2.6143317909361206,0.0,-1.851889293640852
2.6152461909474214,0.0,-1.851889293640852
2.616160590958722,0.0,-1.851889293640852
2.617074990970023,0.0,-1.851889293640852
2.617989390981324,0.0,-1.851889293640852
2.6189037909926247,0.0,-1.851889293640852
2.6198181910039255,0.0,-1.851889293640852
2.6207325910152264,0.0,-1.851889293640852
2.621646991026527,0.0,-1.851889293640852
2.622561391037828,0.0,-1.851889293640852
2.623475791049129,0.0,-1.851889293640852
2.6243901910604297,0.0,-1.851889293640852
2.6253045910717305,0.0,-1.851889293640852
2.6262189910830314,0.0,-1.851889293640852
2.627133391094332,0.0,-1.851889293640852
2.628047791105633,0.0,-1.851889293640852
2.628962191116934,0.0,-1.851889293640852
2.6298765911282347,0.0,-1.851889293640852
2.6307909911395355,0.0,-1.851889293640852
2.6317053911508363,0.0,-1.851889293640852
2.632619791162137,0.0,-1.851889293640852
2.633534191173438,0.0,-1.851889293640852
2.634448591184739,0.0,-1.851889293640852
2.6353629911960397,0.0,-1.851889293640852
2.6362773912073405,0.0,-1.851889293640852
2.6371917912186413,0.0,-1.851889293640852
2.638106191229942,0.0,-1.851889293640852
2.639020591241243,0.0,-1.851889293640852
2.639934991252544,0.0,-1.851889293640852
2.6408493912638447,0.0,-1.851889293640852
2.6417637912751455,0.0,-1.851889293640852
2.6426781912864463,0.0,-1.851889293640852
2.643592591297747,0.0,-1.851889293640852
2.644506991309048,0.0,-1.851889293640852
2.645421391320349,0.0,-1.851889293640852
2.6463357913316496,0.0,-1.851889293640852
2.6472501913429505,0.0,-1.851889293640852
2.6481645913542513,0.0,-1.851889293640852
2.649078991365552,0.0,-1.851889293640852
2.649993391376853,0.0,-1.851889293640852
2.650907791388154,0.0,-1.851889293640852
2.6518221913994546,0.0,-1.851889293640852
2.6527365914107555,0.0,-1.851889293640852
2.6536509914220563,0.0,-1.851889293640852
2.654565391433357,0.0,-1.851889293640852
2.655479791444658,0.0,-1.851889293640852
2.656394191455959,0.0,-1.851889293640852
2.6573085914672596,0.0,-1.851889293640852
2.6582229914785604,0.0,-1.851889293640852
2.6591373914898613,0.0,-1.851889293640852
2.660051791501162,0.0,-1.851889293640852
2.660966191512463,0.0,-1.851889293640852
2.6618805915237638,0.0,-1.851889293640852
2.6627949915350646,0.0,-1.851889293640852
2.6637093915463654,0.0,-1.851889293640852
2.6646237915576663,0.0,-1.851889293640852
2.665538191568967,0.0,-1.851889293640852
2.666452591580268,0.0,-1.851889293640852
2.6673669915915688,0.0,-1.851889293640852
2.6682813916028696,0.0,-1.851889293640852
2.6691957916141704,0.0,-1.851889293640852
2.6701101916254713,0.0,-1.851889293640852
2.671024591636772,0.0,-1.851889293640852
2.671938991648073,0.0,-1.851889293640852
2.6728533916593737,0.0,-1.851889293640852
2.6737677916706746,0.0,-1.851889293640852
2.6746821916819754,0.0,-1.851889293640852
2.6755965916932762,0.0,-1.851889293640852
2.676510991704577,0.0,-1.851889293640852
2.677425391715878,0.0,-1.851889293640852
2.6783397917271787,0.0,-1.851889293640852
2.6792541917384796,0.0,-1.851889293640852
2.6801685917497804,0.0,-1.851889293640852
2.6810829917610812,0.0,-1.851889293640852
2.681997391772382,0.0,-1.851889293640852
2.682911791783683,0.0,-1.851889293640852
2.6838261917949837,0.0,-1.851889293640852
2.6847405918062845,0.0,-1.851889293640852
2.6856549918175854,0.0,-1.851889293640852
2.686569391828886,0.0,-1.851889293640852
2.687483791840187,0.0,-1.851889293640852
2.688398191851488,0.0,-1.851889293640852
2.6893125918627887,0.0,-1.851889293640852
2.6902269918740895,0.0,-1.851889293640852
2.6911413918853904,0.0,-1.851889293640852
2.692055791896691,0.0,-1.851889293640852
2.692970191907992,0.0,-1.851889293640852
2.693884591919293,0.0,-1.851889293640852
2.6947989919305937,0.0,-1.851889293640852
2.6957133919418945,0.0,-1.851889293640852
2.6966277919531954,0.0,-1.851889293640852
2.697542191964496,0.0,-1.851889293640852
2.698456591975797,0.0,-1.851889293640852
2.699370991987098,0.0,-1.851889293640852
2.7002853919983987,0.0,-1.851889293640852
2.7011997920096995,0.0,-1.851889293640852
2.7021141920210003,0.0,-1.851889293640852
2.703028592032301,0.0,-1.851889293640852
2.703942992043602,0.0,-1.851889293640852
2.704857392054903,0.0,-1.851889293640852
2.7057717920662037,0.0,-1.851889293640852
2.7066861920775045,0.0,-1.851889293640852
2.7076005920888053,0.0,-1.851889293640852
2.708514992100106,0.0,-1.851889293640852
2.709429392111407,0.0,-1.851889293640852
2.710343792122708,0.0,-1.851889293640852
2.7112581921340086,0.0,-1.851889293640852
2.7121725921453095,0.0,-1.851889293640852
2.7130869921566103,0.0,-1.851889293640852
2.714001392167911,0.0,-1.851889293640852
2.714915792179212,0.0,-1.851889293640852
2.715830192190513,0.0,-1.851889293640852
2.7167445922018136,0.0,-1.851889293640852
2.7176589922131145,0.0,-1.851889293640852
2.7185733922244153,0.0,-1.851889293640852
2.719487792235716,0.0,-1.851889293640852
2.720402192247017,0.0,-1.851889293640852
2.721316592258318,0.0,-1.851889293640852
2.7222309922696186,0.0,-1.851889293640852
2.7231453922809195,0.0,-1.851889293640852
2.7240597922922203,0.0,-1.851889293640852
2.724974192303521,0.0,-1.851889293640852
2.725888592314822,0.0,-1.851889293640852
2.7268029923261228,0.0,-1.851889293640852
2.7277173923374236,0.0,-1.851889293640852
2.7286317923487244,0.0,-1.851889293640852
2.7295461923600253,0.0,-1.851889293640852
2.730460592371326,0.0,-1.851889293640852
2.731374992382627,0.0,-1.851889293640852
2.7322893923939278,0.0,-1.851889293640852
2.7332037924052286,0.0,-1.851889293640852
2.7341181924165294,0.0,-1.851889293640852
2.7350325924278303,0.0,-1.851889293640852
2.735946992439131,0.0,-1.851889293640852
2.736861392450432,0.0,-1.851889293640852
2.7377757924617327,0.0,-1.851889293640852
2.7386901924730336,0.0,-1.851889293640852
2.7396045924843344,0.0,-1.851889293640852
2.7405189924956352,0.0,-1.851889293640852
2.741433392506936,0.0,-1.851889293640852
2.742347792518237,0.0,-1.851889293640852
2.7432621925295377,0.0,-1.851889293640852
2.7441765925408386,0.0,-1.851889293640852
2.7450909925521394,0.0,-1.851889293640852
2.7460053925634402,0.0,-1.851889293640852
2.746919792574741,0.0,-1.851889293640852
2.747834192586042,0.0,-1.851889293640852
2.7487485925973427,0.0,-1.851889293640852
2.7496629926086436,0.0,-1.851889293640852
2.7505773926199444,0.0,-1.851889293640852
2.751491792631245,0.0,-1.851889293640852
2.752406192642546,0.0,-1.851889293640852
2.753320592653847,0.0,-1.851889293640852
2.7542349926651477,0.0,-1.851889293640852
2.7551493926764485,0.0,-1.851889293640852
2.7560637926877494,0.0,-1.851889293640852
2.75697819269905,0.0,-1.851889293640852
2.757892592710351,0.0,-1.851889293640852
2.758806992721652,0.0,-1.851889293640852
2.7597213927329527,0.0,-1.851889293640852
2.7606357927442535,0.0,-1.851889293640852
2.7615501927555544,0.0,-1.851889293640852
2.762464592766855,0.0,-1.851889293640852
2.763378992778156,0.0,-1.851889293640852
2.764293392789457,0.0,-1.851889293640852
2.7652077928007577,0.0,-1.851889293640852
2.7661221928120585,0.0,-1.851889293640852
2.7670365928233593,0.0,-1.851889293640852
2.76795099283466,0.0,-1.851889293640852
2.768865392845961,0.0,-1.851889293640852
2.769779792857262,0.0,-1.851889293640852
2.7706941928685627,0.0,-1.851889293640852
2.7716085928798635,0.0,-1.851889293640852
2.7725229928911643,0.0,-1.851889293640852
2.773437392902465,0.0,-1.851889293640852
2.774351792913766,0.0,-1.851889293640852
2.775266192925067,0.0,-1.851889293640852
2.7761805929363677,0.0,-1.851889293640852
2.7770949929476685,0.0,-1.851889293640852
2.7780093929589693,0.0,-1.851889293640852
2.77892379297027,0.0,-1.851889293640852
2.779838192981571,0.0,-1.851889293640852
2.780752592992872,0.0,-1.851889293640852
2.7816669930041726,0.0,-1.851889293640852
2.7825813930154735,0.0,-1.851889293640852
2.7834957930267743,0.0,-1.851889293640852
2.784410193038075,0.0,-1.851889293640852
2.785324593049376,0.0,-1.851889293640852
2.786238993060677,0.0,-1.851889293640852
2.7871533930719776,0.0,-1.851889293640852
2.7880677930832785,0.0,-1.851889293640852
2.7889821930945793,0.0,-1.851889293640852
2.78989659310588,0.0,-1.851889293640852
2.790810993117181,0.0,-1.851889293640852
2.791725393128482,0.0,-1.851889293640852
2.7926397931397826,0.0,-1.851889293640852
2.7935541931510834,0.0,-1.851889293640852
2.7944685931623843,0.0,-1.851889293640852
2.795382993173685,0.0,-1.851889293640852
2.796297393184986,0.0,-1.851889293640852
2.7972117931962868,0.0,-1.851889293640852
2.7981261932075876,0.0,-1.851889293640852
2.7990405932188884,0.0,-1.851889293640852
2.7999549932301893,0.0,-1.851889293640852
2.80086939324149,0.0,-1.851889293640852
2.801783793252791,0.0,-1.851889293640852
2.8026981932640918,0.0,-1.851889293640852
2.8036125932753926,0.0,-1.851889293640852
2.8045269932866934,0.0,-1.851889293640852
2.8054413932979942,0.0,-1.851889293640852
2.806355793309295,0.0,-1.851889293640852
2.807270193320596,0.0,-1.851889293640852
2.8081845933318967,0.0,-1.851889293640852
2.8090989933431976,0.0,-1.851889293640852
2.8100133933544984,0.0,-1.851889293640852
2.8109277933657992,0.0,-1.851889293640852
2.8118421933771,0.0,-1.851889293640852
2.812756593388401,0.0,-1.851889293640852
2.8136709933997017,0.0,-1.851889293640852
2.8145853934110026,0.0,-1.851889293640852
2.8154997934223034,0.0,-1.851889293640852
2.816414193433604,0.0,-1.851889293640852
2.817328593444905,0.0,-1.851889293640852
2.818242993456206,0.0,-1.851889293640852
2.8191573934675067,0.0,-1.851889293640852
2.8200717934788075,0.0,-1.851889293640852
2.8209861934901084,0.0,-1.851889293640852
2.821900593501409,0.0,-1.851889293640852
2.82281499351271,0.0,-1.851889293640852
2.823729393524011,0.0,-1.851889293640852
2.8246437935353117,0.0,-1.851889293640852
2.8255581935466125,0.0,-1.851889293640852
2.8264725935579134,0.0,-1.851889293640852
2.827386993569214,0.0,-1.851889293640852
2.828301393580515,0.0,-1.851889293640852
2.829215793591816,0.0,-1.851889293640852
2.8301301936031167,0.0,-1.851889293640852
2.8310445936144175,0.0,-1.851889293640852
2.8319589936257183,0.0,-1.851889293640852
2.832873393637019,0.0,-1.851889293640852
2.83378779364832,0.0,-1.851889293640852
2.834702193659621,0.0,-1.851889293640852
2.8356165936709217,0.0,-1.851889293640852
2.8365309936822225,0.0,-1.851889293640852
2.8374453936935233,0.0,-1.851889293640852
2.838359793704824,0.0,-1.851889293640852
2.839274193716125,0.0,-1.851889293640852
2.840188593727426,0.0,-1.851889293640852
2.8411029937387267,0.0,-1.851889293640852
2.8420173937500275,0.0,-1.851889293640852
2.8429317937613283,0.0,-1.851889293640852
2.843846193772629,0.0,-1.851889293640852
2.84476059378393,0.0,-1.851889293640852
2.845674993795231,0.0,-1.851889293640852
2.8465893938065316,0.0,-1.851889293640852
2.8475037938178325,0.0,-1.851889293640852
2.8484181938291333,0.0,-1.851889293640852
2.849332593840434,0.0,-1.851889293640852
2.850246993851735,0.0,-1.851889293640852
2.851161393863036,0.0,-1.851889293640852
2.8520757938743366,0.0,-1.851889293640852
2.8529901938856375,0.0,-1.851889293640852
2.8539045938969383,0.0,-1.851889293640852
2.854818993908239,0.0,-1.851889293640852
2.85573339391954,0.0,-1.851889293640852
2.856647793930841,0.0,-1.851889293640852
2.8575621939421416,0.0,-1.851889293640852
2.8584765939534424,0.0,-1.851889293640852
2.8593909939647433,0.0,-1.851889293640852
2.860305393976044,0.0,-1.851889293640852
2.861219793987345,0.0,-1.851889293640852
2.8621341939986458,0.0,-1.851889293640852
2.8630485940099466,0.0,-1.851889293640852
2.8639629940212474,0.0,-1.851889293640852
2.8648773940325483,0.0,-1.851889293640852
2.865791794043849,0.0,-1.851889293640852
2.86670619405515,0.0,-1.851889293640852
2.8676205940664508,0.0,-1.851889293640852
2.8685349940777516,0.0,-1.851889293640852
2.8694493940890524,0.0,-1.851889293640852
2.8703637941003532,0.0,-1.851889293640852
2.871278194111654,0.0,-1.851889293640852
2.872192594122955,0.0,-1.851889293640852
2.8731069941342557,0.0,-1.851889293640852
2.8740213941455566,0.0,-1.851889293640852
2.8749357941568574,0.0,-1.851889293640852
2.8758501941681582,0.0,-1.851889293640852
2.876764594179459,0.0,-1.851889293640852
2.87767899419076,0.0,-1.851889293640852
2.8785933942020607,0.0,-1.851889293640852
2.8795077942133616,0.0,-1.851889293640852
2.8804221942246624,0.0,-1.851889293640852
2.8813365942359632,0.0,-1.851889293640852
2.882250994247264,0.0,-1.851889293640852
2.883165394258565,0.0,-1.851889293640852
2.8840797942698657,0.0,-1.851889293640852
2.8849941942811665,0.0,-1.851889293640852
2.8859085942924674,0.0,-1.851889293640852
2.886822994303768,0.0,-1.851889293640852
2.887737394315069,0.0,-1.851889293640852
2.88865179432637,0.0,-1.851889293640852
2.8895661943376707,0.0,-1.851889293640852
2.8904805943489715,0.0,-1.851889293640852
2.8913949943602724,0.0,-1.851889293640852
2.892309394371573,0.0,-1.851889293640852
2.893223794382874,0.0,-1.851889293640852
2.894138194394175,0.0,-1.851889293640852
2.8950525944054757,0.0,-1.851889293640852
2.8959669944167765,0.0,-1.851889293640852
2.8968813944280773,0.0,-1.851889293640852
2.897795794439378,0.0,-1.851889293640852
2.898710194450679,0.0,-1.851889293640852
2.89962459446198,0.0,-1.851889293640852
2.9005389944732807,0.0,-1.851889293640852
2.9014533944845815,0.0,-1.851889293640852
2.9023677944958823,0.0,-1.851889293640852
2.903282194507183,0.0,-1.851889293640852
2.904196594518484,0.0,-1.851889293640852
2.905110994529785,0.0,-1.851889293640852
2.9060253945410857,0.0,-1.851889293640852
2.9069397945523865,0.0,-1.851889293640852
2.9078541945636873,0.0,-1.851889293640852
2.908768594574988,0.0,-1.851889293640852
2.909682994586289,0.0,-1.851889293640852
2.91059739459759,0.0,-1.851889293640852
2.9115117946088906,0.0,-1.851889293640852
2.9124261946201915,0.0,-1.851889293640852
2.9133405946314923,0.0,-1.851889293640852
2.914254994642793,0.0,-1.851889293640852
2.915169394654094,0.0,-1.851889293640852
2.916083794665395,0.0,-1.851889293640852
2.9169981946766956,0.0,-1.851889293640852
2.9179125946879965,0.0,-1.851889293640852
2.9188269946992973,0.0,-1.851889293640852
2.919741394710598,0.0,-1.851889293640852
2.920655794721899,0.0,-1.851889293640852
2.9215701947332,0.0,-1.851889293640852
2.9224845947445006,0.0,-1.851889293640852
2.9233989947558014,0.0,-1.851889293640852
2.9243133947671023,0.0,-1.851889293640852
2.925227794778403,0.0,-1.851889293640852
2.926142194789704,0.0,-1.851889293640852
2.9270565948010048,0.0,-1.851889293640852
2.9279709948123056,0.0,-1.851889293640852
2.9288853948236064,0.0,-1.851889293640852
2.9297997948349073,0.0,-1.851889293640852
2.930714194846208,0.0,-1.851889293640852
2.931628594857509,0.0,-1.851889293640852
2.9325429948688098,0.0,-1.851889293640852
2.9334573948801106,0.0,-1.851889293640852
2.9343717948914114,0.0,-1.851889293640852
2.9352861949027123,0.0,-1.851889293640852
2.936200594914013,0.0,-1.851889293640852
2.937114994925314,0.0,-1.851889293640852
2.9380293949366147,0.0,-1.851889293640852
2.9389437949479156,0.0,-1.851889293640852
2.9398581949592164,0.0,-1.851889293640852
2.9407725949705172,0.0,-1.851889293640852
2.941686994981818,0.0,-1.851889293640852
2.942601394993119,0.0,-1.851889293640852
2.9435157950044197,0.0,-1.851889293640852
2.9444301950157206,0.0,-1.851889293640852
2.9453445950270214,0.0,-1.851889293640852
2.9462589950383222,0.0,-1.851889293640852
2.947173395049623,0.0,-1.851889293640852
2.948087795060924,0.0,-1.851889293640852
2.9490021950722247,0.0,-1.851889293640852
2.9499165950835256,0.0,-1.851889293640852
2.9508309950948264,0.0,-1.851889293640852
2.951745395106127,0.0,-1.851889293640852
2.952659795117428,0.0,-1.851889293640852
2.953574195128729,0.0,-1.851889293640852
2.9544885951400297,0.0,-1.851889293640852
2.9554029951513305,0.0,-1.851889293640852
2.9563173951626314,0.0,-1.851889293640852
2.957231795173932,0.0,-1.851889293640852
2.958146195185233,0.0,-1.851889293640852
2.959060595196534,0.0,-1.851889293640852
