{
    "info" : {
        "generated_by" : "MachLine (c) 2023 USU Aerolab",
        "executed" : "Mon Nov 13 13:52:57 2023"
    },
    "mesh_info" : {
        "N_body_panels" : 6960,
        "N_body_vertices" : 3484,
        "N_wake_panels" : 0,
        "average_characteristic_length" : 9.44776304932651E-002,
        "max_flow_turning_angle" : 9.00000000000000E+001
    },
    "solver_results" : {
        "solver_status_code" : 0,
        "system_dimension" : 3484,
        "timing" : {
            "system_sorting" : 2.67995000000000E-002,
            "preconditioner" : 2.97980000000000E-002,
            "matrix_solver" : 4.26797000000000E-001
        },
        "iterations" : 47,
        "system_lower_bandwidth" : 808,
        "residual" : {
            "max" : 1.75571363003613E-013,
            "norm" : 9.48429370568189E-013
        }
    },
    "pressure_calculations" : {
        "isentropic_rule" : {
            "max" : 7.59404594394652E-001,
            "min" : -6.34920634920635E-001
        }
    },
    "total_forces" : {
        "Cx" : 3.25730300868011E-003,
        "Cy" : 3.08916315267199E-003,
        "Cz" : -9.60487340862497E-002
    },
    "total_moments" : {
        "CMx" : 2.49990611566821E-002,
        "CMy" : 1.33362662674581E+001,
        "CMz" : 4.07483219504764E-001
    },
    "input" : {
        "flow" : {
            "freestream_velocity" : [
                    1.45212000000000E+003,
                    0.00000000000000E+000,
                    0.00000000000000E+000
                ],
            "gamma" : 1.40000000000000E+000,
            "freestream_mach_number" : 1.50000000000000E+000
        },
        "geometry" : {
            "file" : "studies/GoSwift/meshes/pod_bump.stl",
            "spanwise_axis" : "+y",
            "wake_model" : {
                "wake_present" : false
            },
            "reference" : {
                "area" : 15
            }
        },
        "solver" : {
            "formulation" : "dirichlet-morino",
            "run_checks" : true,
            "control_point_offset" : 1.10000000000000E-008
        },
        "post_processing" : {
            "pressure_rules" : {
                "incompressible" : false,
                "isentropic" : true
            }
        },
        "output" : {
            "body_file" : "studies/GoSwift/results/pod_bump.vtk",
            "report_file" : "studies/Goswift/results/pod_bump.json",
            "offbody_points" : {
                "points_file" : "studies/Goswift/off_body/off_body.csv",
                "output_file" : "studies/Goswift/results/off_body_sample.csv"
            }
        }
    },
    "total_runtime" : 3.55000000000000E+001
}
