{
    "info" : {
        "generated_by" : "MachLine (c) 2023 USU Aerolab",
        "executed" : "Tue Nov 14 15:27:52 2023"
    },
    "mesh_info" : {
        "N_body_panels" : 3480,
        "N_body_vertices" : 1742,
        "N_wake_panels" : 0,
        "average_characteristic_length" : 1.34154396524478E-001,
        "max_flow_turning_angle" : 9.00000000000000E+001
    },
    "solver_results" : {
        "solver_status_code" : 0,
        "system_dimension" : 1742,
        "timing" : {
            "system_sorting" : 1.17728000000000E-002,
            "preconditioner" : 1.19376000000000E-002,
            "matrix_solver" : 5.96170000000000E-002
        },
        "iterations" : 18,
        "system_lower_bandwidth" : 116,
        "residual" : {
            "max" : 2.08166817117217E-015,
            "norm" : 2.44447889083140E-014
        }
    },
    "pressure_calculations" : {
        "isentropic_rule" : {
            "max" : 9.50001011830024E-002,
            "min" : -5.20961861287034E-001
        }
    },
    "total_forces" : {
        "Cx" : 4.26515603915054E-003,
        "Cy" : -5.71013144175699E-018,
        "Cz" : -4.47423131530456E-017
    },
    "total_moments" : {
        "CMx" : 5.92772429052235E-010,
        "CMy" : -2.15925401744841E-014,
        "CMz" : 6.27471165304261E-015
    },
    "input" : {
        "flow" : {
            "freestream_velocity" : [
                    1.45212000000000E+003,
                    0.00000000000000E+000,
                    0.00000000000000E+000
                ],
            "gamma" : 1.40000000000000E+000,
            "freestream_mach_number" : 1.50000000000000E+000
        },
        "geometry" : {
            "file" : "studies/GoSwift/meshes/pod_smooth.stl",
            "spanwise_axis" : "+y",
            "wake_model" : {
                "wake_present" : false
            },
            "reference" : {
                "area" : 15
            }
        },
        "solver" : {
            "formulation" : "dirichlet-morino",
            "run_checks" : true,
            "control_point_offset" : 1.10000000000000E-008
        },
        "post_processing" : {
            "pressure_rules" : {
                "incompressible" : false,
                "isentropic" : true
            }
        },
        "output" : {
            "body_file" : "studies/GoSwift/results/pod_smooth.vtk",
            "report_file" : "studies/Goswift/results/pod_smooth.json",
            "offbody_points" : {
                "points_file" : "studies/Goswift/off_body/off_body.csv",
                "output_file" : "studies/Goswift/results/off_body_sample.csv"
            }
        }
    },
    "total_runtime" : 1.69850000000000E+001
}
