{
    "info" : {
        "generated_by" : "MachLine (c) 2023 USU Aerolab",
        "executed" : "Tue Nov 14 11:59:25 2023"
    },
    "mesh_info" : {
        "N_body_panels" : 1520,
        "N_body_vertices" : 762,
        "N_wake_panels" : 0,
        "average_characteristic_length" : 6.33759129955152E-003,
        "max_flow_turning_angle" : 9.00000000000000E+001
    },
    "solver_results" : {
        "solver_status_code" : 0,
        "system_dimension" : 762,
        "timing" : {
            "system_sorting" : 4.51440000000000E-003,
            "preconditioner" : 1.38620000000000E-003,
            "matrix_solver" : 1.54142000000000E-002
        },
        "iterations" : 28,
        "system_lower_bandwidth" : 20,
        "residual" : {
            "max" : 7.95286145965912E-014,
            "norm" : 7.12005821597549E-013
        }
    },
    "pressure_calculations" : {
        "isentropic_rule" : {
            "max" : 2.22912669593753E-001,
            "min" : -4.33601141997297E-002
        }
    },
    "total_forces" : {
        "Cx" : 6.28802517420208E-006,
        "Cy" : -2.72105981466694E-017,
        "Cz" : 2.83958619376742E-017
    },
    "total_moments" : {
        "CMx" : 8.87121308907622E-019,
        "CMy" : -1.57101000672268E-016,
        "CMz" : -8.53867444347458E-017
    },
    "input" : {
        "flow" : {
            "freestream_velocity" : [
                    1.45212000000000E+003,
                    0.00000000000000E+000,
                    0.00000000000000E+000
                ],
            "gamma" : 1.40000000000000E+000,
            "freestream_mach_number" : 1.50000000000000E+000
        },
        "geometry" : {
            "file" : "studies/GoSwift/meshes/sears_haack_9800.stl",
            "spanwise_axis" : "+y",
            "wake_model" : {
                "wake_present" : false
            },
            "reference" : {
                "area" : 15
            }
        },
        "solver" : {
            "formulation" : "dirichlet-morino",
            "run_checks" : true,
            "control_point_offset" : 1.10000000000000E-008
        },
        "post_processing" : {
            "pressure_rules" : {
                "incompressible" : false,
                "isentropic" : true
            }
        },
        "output" : {
            "body_file" : "studies/GoSwift/sears_haack_9800.vtk",
            "report_file" : "studies/Goswift/results/sears_haack_9800.json",
            "offbody_points" : {
                "points_file" : "studies/Goswift/off_body/off_body.csv",
                "output_file" : "studies/Goswift/results/off_body_sample.csv"
            }
        }
    },
    "total_runtime" : 5.78100000000000E+000
}
