{
    "info" : {
        "generated_by" : "MachLine (c) 2023 USU Aerolab",
        "executed" : "Sat Nov  4 17:07:02 2023"
    },
    "mesh_info" : {
        "N_body_panels" : 5880,
        "N_body_vertices" : 2942,
        "N_wake_panels" : 0,
        "average_characteristic_length" : 3.21650017521646E-003,
        "max_flow_turning_angle" : 9.00000000000000E+001
    },
    "solver_results" : {
        "solver_status_code" : 0,
        "system_dimension" : 2942,
        "timing" : {
            "system_sorting" : 2.56363000000000E-002,
            "preconditioner" : 2.80691000000000E-002,
            "matrix_solver" : 2.47059800000000E-001
        },
        "iterations" : 36,
        "system_lower_bandwidth" : 30,
        "residual" : {
            "max" : 4.78675259152350E-014,
            "norm" : 4.30146063462216E-013
        }
    },
    "pressure_calculations" : {
        "isentropic_rule" : {
            "max" : 2.98308999365409E-001,
            "min" : -4.42911532972411E-002
        }
    },
    "total_forces" : {
        "Cx" : 5.86959614619478E-002,
        "Cy" : 8.65903134610949E-015,
        "Cz" : 3.87473009321991E-014
    },
    "total_moments" : {
        "CMx" : 1.16077329119229E-017,
        "CMy" : 8.18093537215765E-018,
        "CMz" : -8.98489537055509E-018
    },
    "input" : {
        "flow" : {
            "freestream_velocity" : [
                    1.45212000000000E+003,
                    0.00000000000000E+000,
                    0.00000000000000E+000
                ],
            "gamma" : 1.40000000000000E+000,
            "freestream_mach_number" : 1.50000000000000E+000
        },
        "geometry" : {
            "file" : "studies/GoSwift/meshes/SH_100_30.stl",
            "spanwise_axis" : "+y",
            "wake_model" : {
                "wake_present" : false
            },
            "reference" : {
                "area" : 1.67500000000000E-003
            }
        },
        "solver" : {
            "formulation" : "dirichlet-morino",
            "run_checks" : true,
            "control_point_offset" : 1.10000000000000E-008
        },
        "post_processing" : {
            "pressure_rules" : {
                "incompressible" : false,
                "isentropic" : true
            }
        },
        "output" : {
            "body_file" : "studies/GoSwift/results/SH_100_30.vtk",
            "report_file" : "studies/Goswift/results/SH_100_30.json",
            "offbody_points" : {
                "points_file" : "studies/Goswift/off_body/off_body.csv",
                "output_file" : "studies/Goswift/results/off_body_sample.csv"
            }
        }
    },
    "total_runtime" : 1.90780000000000E+001
}
